No.,Date,Year,Location,Name,Species,Diameter (mm),Notes (injury)
111,Feb-20,2020,Mermaid Mooring - Lizard,Morgan Pratchett,Acropora cf. hyacinthus,200,0
112,Feb-20,2020,Mermaid Mooring - Lizard,Morgan Pratchett,Acropora cf. hyacinthus,50,0
113,Feb-20,2020,Mermaid Mooring - Lizard,Morgan Pratchett,Acropora cf. hyacinthus,95,0
114,Feb-20,2020,Mermaid Mooring - Lizard,Morgan Pratchett,Acropora cf. hyacinthus,65,0
115,Feb-20,2020,Mermaid Mooring - Lizard,Morgan Pratchett,Acropora cf. hyacinthus,370,0
116,Feb-20,2020,Mermaid Mooring - Lizard,Morgan Pratchett,Acropora cf. hyacinthus,135,0
117,Feb-20,2020,Mermaid Mooring - Lizard,Morgan Pratchett,Acropora cf. hyacinthus,100,0
118,Feb-20,2020,Mermaid Mooring - Lizard,Morgan Pratchett,Acropora cf. hyacinthus,215,0
119,Feb-20,2020,Mermaid Mooring - Lizard,Morgan Pratchett,Acropora cf. hyacinthus,85,0
120,Feb-20,2020,Mermaid Mooring - Lizard,Morgan Pratchett,Acropora cf. hyacinthus,75,0
121,Feb-20,2020,Mermaid Mooring - Lizard,Morgan Pratchett,Acropora cf. hyacinthus,105,0
122,Feb-20,2020,Mermaid Mooring - Lizard,Morgan Pratchett,Acropora cf. hyacinthus,95,0
123,Feb-20,2020,Mermaid Mooring - Lizard,Morgan Pratchett,Acropora cf. hyacinthus,320,0
124,Feb-20,2020,Mermaid Mooring - Lizard,Morgan Pratchett,Acropora cf. hyacinthus,125,0
125,Feb-20,2020,Mermaid Mooring - Lizard,Morgan Pratchett,Acropora cf. hyacinthus,75,0
126,Feb-20,2020,Mermaid Mooring - Lizard,Morgan Pratchett,Acropora cf. hyacinthus,260,0
127,Feb-20,2020,Mermaid Mooring - Lizard,Morgan Pratchett,Acropora cf. hyacinthus,100,0
128,Feb-20,2020,Mermaid Mooring - Lizard,Morgan Pratchett,Acropora cf. hyacinthus,310,0
129,Feb-20,2020,Mermaid Mooring - Lizard,Morgan Pratchett,Acropora cf. hyacinthus,175,0
130,Feb-20,2020,Mermaid Mooring - Lizard,Morgan Pratchett,Acropora cf. hyacinthus,245,0
131,Feb-20,2020,Mermaid Mooring - Lizard,Morgan Pratchett,Acropora cf. hyacinthus,225,0
132,Feb-20,2020,Mermaid Mooring - Lizard,Morgan Pratchett,Acropora cf. hyacinthus,340,0
133,Feb-20,2020,Mermaid Mooring - Lizard,Morgan Pratchett,Acropora cf. hyacinthus,215,0
134,Feb-20,2020,Mermaid Mooring - Lizard,Morgan Pratchett,Acropora cf. hyacinthus,290,0
135,Feb-20,2020,Mermaid Mooring - Lizard,Morgan Pratchett,Acropora cf. hyacinthus,260,0
136,Feb-20,2020,Mermaid Mooring - Lizard,Morgan Pratchett,Acropora cf. hyacinthus,245,0
137,Feb-20,2020,Mermaid Mooring - Lizard,Morgan Pratchett,Acropora cf. hyacinthus,235,0
138,Feb-20,2020,Mermaid Mooring - Lizard,Morgan Pratchett,Acropora cf. hyacinthus,180,0
139,Feb-20,2020,Mermaid Mooring - Lizard,Morgan Pratchett,Acropora cf. hyacinthus,180,0
140,Feb-20,2020,Mermaid Mooring - Lizard,Morgan Pratchett,Acropora cf. hyacinthus,130,0
141,Feb-20,2020,Mermaid Mooring - Lizard,Morgan Pratchett,Acropora cf. hyacinthus,235,0
142,Feb-20,2020,Mermaid Mooring - Lizard,Morgan Pratchett,Acropora cf. hyacinthus,220,0
143,Feb-20,2020,Mermaid Mooring - Lizard,Morgan Pratchett,Acropora cf. hyacinthus,225,0
144,Feb-20,2020,Mermaid Mooring - Lizard,Morgan Pratchett,Acropora cf. hyacinthus,60,0
145,Feb-20,2020,Mermaid Mooring - Lizard,Morgan Pratchett,Acropora cf. hyacinthus,75,0
146,Feb-20,2020,Mermaid Mooring - Lizard,Morgan Pratchett,Acropora cf. hyacinthus,150,Bleached
147,Feb-20,2020,Mermaid Mooring - Lizard,Morgan Pratchett,Acropora cf. hyacinthus,180,Pale
148,Feb-20,2020,Mermaid Mooring - Lizard,Morgan Pratchett,Acropora cf. hyacinthus,155,0
149,Feb-20,2020,Mermaid Mooring - Lizard,Morgan Pratchett,Acropora cf. hyacinthus,105,0
150,Feb-20,2020,Mermaid Mooring - Lizard,Morgan Pratchett,Acropora cf. hyacinthus,245,0
151,Feb-20,2020,Mermaid Mooring - Lizard,Morgan Pratchett,Acropora cf. hyacinthus,150,0
152,Feb-20,2020,Mermaid Mooring - Lizard,Morgan Pratchett,Acropora cf. hyacinthus,255,0
153,Feb-20,2020,Mermaid Mooring - Lizard,Morgan Pratchett,Acropora cf. hyacinthus,200,0
154,Feb-20,2020,Mermaid Mooring - Lizard,Morgan Pratchett,Acropora cf. hyacinthus,240,0
155,Feb-20,2020,Mermaid Mooring - Lizard,Morgan Pratchett,Acropora cf. hyacinthus,180,0
156,Feb-20,2020,Mermaid Mooring - Lizard,Morgan Pratchett,Acropora cf. hyacinthus,65,0
157,Feb-20,2020,Mermaid Mooring - Lizard,Morgan Pratchett,Acropora cf. hyacinthus,225,0
158,Feb-20,2020,Mermaid Mooring - Lizard,Morgan Pratchett,Acropora cf. hyacinthus,275,0
159,Feb-20,2020,Mermaid Mooring - Lizard,Morgan Pratchett,Acropora cf. hyacinthus,345,10
160,Feb-20,2020,Mermaid Mooring - Lizard,Morgan Pratchett,Acropora cf. hyacinthus,280,0
161,Feb-20,2020,Mermaid Mooring - Lizard,Morgan Pratchett,Acropora cf. hyacinthus,150,10
162,Feb-20,2020,Mermaid Mooring - Lizard,Morgan Pratchett,Acropora cf. hyacinthus,95,0
163,Feb-20,2020,Mermaid Mooring - Lizard,Morgan Pratchett,Acropora cf. hyacinthus,170,0
164,Feb-20,2020,Mermaid Mooring - Lizard,Morgan Pratchett,Acropora cf. hyacinthus,140,10
165,Feb-20,2020,Mermaid Mooring - Lizard,Morgan Pratchett,Acropora cf. hyacinthus,95,0
166,Feb-20,2020,Mermaid Mooring - Lizard,Morgan Pratchett,Acropora cf. hyacinthus,170,0
167,Feb-20,2020,Mermaid Mooring - Lizard,Morgan Pratchett,Acropora cf. hyacinthus,140,20
168,Feb-20,2020,Mermaid Mooring - Lizard,Morgan Pratchett,Acropora cf. hyacinthus,95,0
169,Feb-20,2020,Mermaid Mooring - Lizard,Morgan Pratchett,Acropora cf. hyacinthus,275,10
170,Feb-20,2020,Mermaid Mooring - Lizard,Morgan Pratchett,Acropora cf. hyacinthus,255,0
171,Feb-20,2020,Mermaid Mooring - Lizard,Morgan Pratchett,Acropora cf. hyacinthus,225,0
172,Feb-20,2020,Mermaid Mooring - Lizard,Morgan Pratchett,Acropora cf. hyacinthus,200,0
173,Feb-20,2020,Mermaid Mooring - Lizard,Morgan Pratchett,Acropora cf. hyacinthus,195,0
174,Feb-20,2020,Mermaid Mooring - Lizard,Morgan Pratchett,Acropora cf. hyacinthus,140,0
175,Feb-20,2020,Mermaid Mooring - Lizard,Morgan Pratchett,Acropora cf. hyacinthus,175,0
176,Feb-20,2020,Mermaid Mooring - Lizard,Morgan Pratchett,Acropora cf. hyacinthus,240,10
177,Feb-20,2020,Mermaid Mooring - Lizard,Morgan Pratchett,Acropora cf. hyacinthus,85,0
178,Feb-20,2020,Mermaid Mooring - Lizard,Morgan Pratchett,Acropora cf. hyacinthus,175,0
179,Feb-20,2020,Mermaid Mooring - Lizard,Morgan Pratchett,Acropora cf. hyacinthus,70,0
180,Feb-20,2020,Mermaid Mooring - Lizard,Morgan Pratchett,Acropora cf. hyacinthus,100,0
181,Feb-20,2020,Mermaid Mooring - Lizard,Morgan Pratchett,Acropora cf. hyacinthus,85,0
182,Feb-20,2020,Mermaid Mooring - Lizard,Morgan Pratchett,Acropora cf. hyacinthus,245,Pale
183,Feb-20,2020,Mermaid Mooring - Lizard,Morgan Pratchett,Acropora cf. hyacinthus,265,20
184,Feb-20,2020,Mermaid Mooring - Lizard,Morgan Pratchett,Acropora cf. hyacinthus,310,40
185,Feb-20,2020,Mermaid Mooring - Lizard,Morgan Pratchett,Acropora cf. hyacinthus,120,0
186,Feb-20,2020,Mermaid Mooring - Lizard,Morgan Pratchett,Acropora cf. hyacinthus,40,0
187,Feb-20,2020,Mermaid Mooring - Lizard,Morgan Pratchett,Acropora cf. hyacinthus,40,0
188,Feb-20,2020,Mermaid Mooring - Lizard,Morgan Pratchett,Acropora cf. hyacinthus,130,0
189,Feb-20,2020,Mermaid Mooring - Lizard,Morgan Pratchett,Acropora cf. hyacinthus,100,0
190,Feb-20,2020,Mermaid Mooring - Lizard,Morgan Pratchett,Acropora cf. hyacinthus,95,20
191,Feb-20,2020,Mermaid Mooring - Lizard,Morgan Pratchett,Acropora cf. hyacinthus,50,0
192,Feb-20,2020,Mermaid Mooring - Lizard,Morgan Pratchett,Acropora cf. hyacinthus,80,0
193,Feb-20,2020,Mermaid Mooring - Lizard,Morgan Pratchett,Acropora cf. hyacinthus,90,0
194,Feb-20,2020,Mermaid Mooring - Lizard,Morgan Pratchett,Acropora cf. hyacinthus,75,0
195,Feb-20,2020,Mermaid Mooring - Lizard,Morgan Pratchett,Acropora cf. hyacinthus,40,0
196,Feb-20,2020,Mermaid Mooring - Lizard,Morgan Pratchett,Acropora cf. hyacinthus,105,0
197,Feb-20,2020,Mermaid Mooring - Lizard,Morgan Pratchett,Acropora cf. hyacinthus,65,0
198,Feb-20,2020,Mermaid Mooring - Lizard,Morgan Pratchett,Acropora cf. hyacinthus,26,0
199,Feb-20,2020,Mermaid Mooring - Lizard,Morgan Pratchett,Acropora cf. hyacinthus,65,0
200,Feb-20,2020,Mermaid Mooring - Lizard,Morgan Pratchett,Acropora cf. hyacinthus,100,0
201,Feb-20,2020,Mermaid Mooring - Lizard,Morgan Pratchett,Acropora cf. hyacinthus,150,0
202,Feb-20,2020,Mermaid Mooring - Lizard,Morgan Pratchett,Acropora cf. hyacinthus,115,0
203,Feb-20,2020,Mermaid Mooring - Lizard,Morgan Pratchett,Acropora cf. hyacinthus,105,0
204,Feb-20,2020,Mermaid Mooring - Lizard,Morgan Pratchett,Acropora cf. hyacinthus,110,0
205,Feb-20,2020,Mermaid Mooring - Lizard,Morgan Pratchett,Acropora cf. hyacinthus,70,0
206,Feb-20,2020,Mermaid Mooring - Lizard,Morgan Pratchett,Acropora cf. hyacinthus,125,0
207,Feb-20,2020,Mermaid Mooring - Lizard,Morgan Pratchett,Acropora cf. hyacinthus,85,0
208,Feb-20,2020,Mermaid Mooring - Lizard,Morgan Pratchett,Acropora cf. hyacinthus,75,0
209,Feb-20,2020,Mermaid Mooring - Lizard,Morgan Pratchett,Acropora cf. hyacinthus,100,0
210,Feb-20,2020,Mermaid Mooring - Lizard,Morgan Pratchett,Acropora cf. hyacinthus,95,0
211,Feb-20,2020,Mermaid Mooring - Lizard,Morgan Pratchett,Acropora cf. hyacinthus,65,0
212,Feb-20,2020,Mermaid Mooring - Lizard,Morgan Pratchett,Acropora cf. hyacinthus,65,0
213,Feb-20,2020,Mermaid Mooring - Lizard,Morgan Pratchett,Acropora cf. hyacinthus,80,0
214,Feb-20,2020,Mermaid Mooring - Lizard,Morgan Pratchett,Acropora cf. hyacinthus,250,0
215,Feb-20,2020,Mermaid Mooring - Lizard,Morgan Pratchett,Acropora cf. hyacinthus,240,0
216,Feb-20,2020,Mermaid Mooring - Lizard,Morgan Pratchett,Acropora cf. hyacinthus,80,Pale
217,Feb-20,2020,Mermaid Mooring - Lizard,Morgan Pratchett,Acropora cf. hyacinthus,120,0
218,Feb-20,2020,Mermaid Mooring - Lizard,Morgan Pratchett,Acropora cf. hyacinthus,125,10
219,Feb-20,2020,Mermaid Mooring - Lizard,Morgan Pratchett,Acropora cf. hyacinthus,185,20
220,Feb-20,2020,Mermaid Mooring - Lizard,Morgan Pratchett,Acropora cf. hyacinthus,130,10
221,Feb-20,2020,Mermaid Mooring - Lizard,Morgan Pratchett,Acropora cf. hyacinthus,75,0
222,Feb-20,2020,Mermaid Mooring - Lizard,Morgan Pratchett,Acropora cf. hyacinthus,150,0
223,Feb-20,2020,Mermaid Mooring - Lizard,Morgan Pratchett,Acropora cf. hyacinthus,100,0
224,Feb-20,2020,Mermaid Mooring - Lizard,Morgan Pratchett,Acropora cf. hyacinthus,95,0
225,Feb-20,2020,Mermaid Mooring - Lizard,Morgan Pratchett,Acropora cf. hyacinthus,75,0
226,Feb-20,2020,Mermaid Mooring - Lizard,Morgan Pratchett,Acropora cf. hyacinthus,75,0
227,Feb-20,2020,Mermaid Mooring - Lizard,Morgan Pratchett,Acropora cf. hyacinthus,80,0
228,Feb-20,2020,Mermaid Mooring - Lizard,Morgan Pratchett,Acropora cf. hyacinthus,100,0
229,Feb-20,2020,Mermaid Mooring - Lizard,Morgan Pratchett,Acropora cf. hyacinthus,160,0
230,Feb-20,2020,Mermaid Mooring - Lizard,Morgan Pratchett,Acropora cf. hyacinthus,175,0
231,Feb-20,2020,Mermaid Mooring - Lizard,Morgan Pratchett,Acropora cf. hyacinthus,95,0
232,Feb-20,2020,Mermaid Mooring - Lizard,Morgan Pratchett,Acropora cf. hyacinthus,50,0
233,Feb-20,2020,Mermaid Mooring - Lizard,Morgan Pratchett,Acropora cf. hyacinthus,55,0
234,Feb-20,2020,Mermaid Mooring - Lizard,Morgan Pratchett,Acropora cf. hyacinthus,60,0
235,Feb-20,2020,Mermaid Mooring - Lizard,Morgan Pratchett,Acropora cf. hyacinthus,400,0
236,Feb-20,2020,Mermaid Mooring - Lizard,Morgan Pratchett,Acropora cf. hyacinthus,40,0
237,Feb-20,2020,Mermaid Mooring - Lizard,Morgan Pratchett,Acropora cf. hyacinthus,260,0
1,Feb-20,2020,Mermaid Mooring - Lizard,Morgan Pratchett,Acropora cf. nasuta,200,0
2,Feb-20,2020,Mermaid Mooring - Lizard,Morgan Pratchett,Acropora cf. nasuta,310,0
3,Feb-20,2020,Mermaid Mooring - Lizard,Morgan Pratchett,Acropora cf. nasuta,290,0
4,Feb-20,2020,Mermaid Mooring - Lizard,Morgan Pratchett,Acropora cf. nasuta,150,0
5,Feb-20,2020,Mermaid Mooring - Lizard,Morgan Pratchett,Acropora cf. nasuta,155,0
6,Feb-20,2020,Mermaid Mooring - Lizard,Morgan Pratchett,Acropora cf. nasuta,165,0
7,Feb-20,2020,Mermaid Mooring - Lizard,Morgan Pratchett,Acropora cf. nasuta,70,0
8,Feb-20,2020,Mermaid Mooring - Lizard,Morgan Pratchett,Acropora cf. nasuta,120,0
9,Feb-20,2020,Mermaid Mooring - Lizard,Morgan Pratchett,Acropora cf. nasuta,140,0
10,Feb-20,2020,Mermaid Mooring - Lizard,Morgan Pratchett,Acropora cf. nasuta,110,0
11,Feb-20,2020,Mermaid Mooring - Lizard,Morgan Pratchett,Acropora cf. nasuta,170,0
12,Feb-20,2020,Mermaid Mooring - Lizard,Morgan Pratchett,Acropora cf. nasuta,120,0
13,Feb-20,2020,Mermaid Mooring - Lizard,Morgan Pratchett,Acropora cf. nasuta,55,0
14,Feb-20,2020,Mermaid Mooring - Lizard,Morgan Pratchett,Acropora cf. nasuta,200,0
15,Feb-20,2020,Mermaid Mooring - Lizard,Morgan Pratchett,Acropora cf. nasuta,75,0
16,Feb-20,2020,Mermaid Mooring - Lizard,Morgan Pratchett,Acropora cf. nasuta,160,0
17,Feb-20,2020,Mermaid Mooring - Lizard,Morgan Pratchett,Acropora cf. nasuta,140,0
18,Feb-20,2020,Mermaid Mooring - Lizard,Morgan Pratchett,Acropora cf. nasuta,240,0
19,Feb-20,2020,Mermaid Mooring - Lizard,Morgan Pratchett,Acropora cf. nasuta,230,10
20,Feb-20,2020,Mermaid Mooring - Lizard,Morgan Pratchett,Acropora cf. nasuta,190,0
21,Feb-20,2020,Mermaid Mooring - Lizard,Morgan Pratchett,Acropora cf. nasuta,80,0
22,Feb-20,2020,Mermaid Mooring - Lizard,Morgan Pratchett,Acropora cf. nasuta,130,0
23,Feb-20,2020,Mermaid Mooring - Lizard,Morgan Pratchett,Acropora cf. nasuta,200,0
24,Feb-20,2020,Mermaid Mooring - Lizard,Morgan Pratchett,Acropora cf. nasuta,220,0
25,Feb-20,2020,Mermaid Mooring - Lizard,Morgan Pratchett,Acropora cf. nasuta,140,0
26,Feb-20,2020,Mermaid Mooring - Lizard,Morgan Pratchett,Acropora cf. nasuta,190,0
27,Feb-20,2020,Mermaid Mooring - Lizard,Morgan Pratchett,Acropora cf. nasuta,160,0
28,Feb-20,2020,Mermaid Mooring - Lizard,Morgan Pratchett,Acropora cf. nasuta,85,0
29,Feb-20,2020,Mermaid Mooring - Lizard,Morgan Pratchett,Acropora cf. nasuta,65,0
30,Feb-20,2020,Mermaid Mooring - Lizard,Morgan Pratchett,Acropora cf. nasuta,225,0
31,Feb-20,2020,Mermaid Mooring - Lizard,Morgan Pratchett,Acropora cf. nasuta,240,0
32,Feb-20,2020,Mermaid Mooring - Lizard,Morgan Pratchett,Acropora cf. nasuta,220,0
33,Feb-20,2020,Mermaid Mooring - Lizard,Morgan Pratchett,Acropora cf. nasuta,135,0
34,Feb-20,2020,Mermaid Mooring - Lizard,Morgan Pratchett,Acropora cf. nasuta,290,0
35,Feb-20,2020,Mermaid Mooring - Lizard,Morgan Pratchett,Acropora cf. nasuta,230,0
36,Feb-20,2020,Mermaid Mooring - Lizard,Morgan Pratchett,Acropora cf. nasuta,360,0
37,Feb-20,2020,Mermaid Mooring - Lizard,Morgan Pratchett,Acropora cf. nasuta,235,0
38,Feb-20,2020,Mermaid Mooring - Lizard,Morgan Pratchett,Acropora cf. nasuta,110,0
39,Feb-20,2020,Mermaid Mooring - Lizard,Morgan Pratchett,Acropora cf. nasuta,150,0
40,Feb-20,2020,Mermaid Mooring - Lizard,Morgan Pratchett,Acropora cf. nasuta,90,0
41,Feb-20,2020,Mermaid Mooring - Lizard,Morgan Pratchett,Acropora cf. nasuta,170,0
42,Feb-20,2020,Mermaid Mooring - Lizard,Morgan Pratchett,Acropora cf. nasuta,190,0
43,Feb-20,2020,Mermaid Mooring - Lizard,Morgan Pratchett,Acropora cf. nasuta,180,0
44,Feb-20,2020,Mermaid Mooring - Lizard,Morgan Pratchett,Acropora cf. nasuta,85,0
45,Feb-20,2020,Mermaid Mooring - Lizard,Morgan Pratchett,Acropora cf. nasuta,65,0
46,Feb-20,2020,Mermaid Mooring - Lizard,Morgan Pratchett,Acropora cf. nasuta,95,Bleached
47,Feb-20,2020,Mermaid Mooring - Lizard,Morgan Pratchett,Acropora cf. nasuta,230,0
48,Feb-20,2020,Mermaid Mooring - Lizard,Morgan Pratchett,Acropora cf. nasuta,120,0
49,Feb-20,2020,Mermaid Mooring - Lizard,Morgan Pratchett,Acropora cf. nasuta,240,0
50,Feb-20,2020,Mermaid Mooring - Lizard,Morgan Pratchett,Acropora cf. nasuta,240,0
51,Feb-20,2020,Mermaid Mooring - Lizard,Morgan Pratchett,Acropora cf. nasuta,280,0
52,Feb-20,2020,Mermaid Mooring - Lizard,Morgan Pratchett,Acropora cf. nasuta,190,0
53,Feb-20,2020,Mermaid Mooring - Lizard,Morgan Pratchett,Acropora cf. nasuta,220,0
54,Feb-20,2020,Mermaid Mooring - Lizard,Morgan Pratchett,Acropora cf. nasuta,250,0
55,Feb-20,2020,Mermaid Mooring - Lizard,Morgan Pratchett,Acropora cf. nasuta,270,0
56,Feb-20,2020,Mermaid Mooring - Lizard,Morgan Pratchett,Acropora cf. nasuta,180,0
57,Feb-20,2020,Mermaid Mooring - Lizard,Morgan Pratchett,Acropora cf. nasuta,195,0
58,Feb-20,2020,Mermaid Mooring - Lizard,Morgan Pratchett,Acropora cf. nasuta,280,0
59,Feb-20,2020,Mermaid Mooring - Lizard,Morgan Pratchett,Acropora cf. nasuta,330,0
60,Feb-20,2020,Mermaid Mooring - Lizard,Morgan Pratchett,Acropora cf. nasuta,290,0
61,Feb-20,2020,Mermaid Mooring - Lizard,Morgan Pratchett,Acropora cf. nasuta,145,0
62,Feb-20,2020,Mermaid Mooring - Lizard,Morgan Pratchett,Acropora cf. nasuta,120,0
63,Feb-20,2020,Mermaid Mooring - Lizard,Morgan Pratchett,Acropora cf. nasuta,215,0
64,Feb-20,2020,Mermaid Mooring - Lizard,Morgan Pratchett,Acropora cf. nasuta,185,0
65,Feb-20,2020,Mermaid Mooring - Lizard,Morgan Pratchett,Acropora cf. nasuta,160,0
66,Feb-20,2020,Mermaid Mooring - Lizard,Morgan Pratchett,Acropora cf. nasuta,225,0
67,Feb-20,2020,Mermaid Mooring - Lizard,Morgan Pratchett,Acropora cf. nasuta,145,0
68,Feb-20,2020,Mermaid Mooring - Lizard,Morgan Pratchett,Acropora cf. nasuta,200,0
69,Feb-20,2020,Mermaid Mooring - Lizard,Morgan Pratchett,Acropora cf. nasuta,75,0
70,Feb-20,2020,Mermaid Mooring - Lizard,Morgan Pratchett,Acropora cf. nasuta,170,0
71,Feb-20,2020,Mermaid Mooring - Lizard,Morgan Pratchett,Acropora cf. nasuta,180,0
72,Feb-20,2020,Mermaid Mooring - Lizard,Morgan Pratchett,Acropora cf. nasuta,190,0
73,Feb-20,2020,Mermaid Mooring - Lizard,Morgan Pratchett,Acropora cf. nasuta,205,0
74,Feb-20,2020,Mermaid Mooring - Lizard,Morgan Pratchett,Acropora cf. nasuta,175,0
75,Feb-20,2020,Mermaid Mooring - Lizard,Morgan Pratchett,Acropora cf. nasuta,385,0
76,Feb-20,2020,Mermaid Mooring - Lizard,Morgan Pratchett,Acropora cf. nasuta,220,0
77,Feb-20,2020,Mermaid Mooring - Lizard,Morgan Pratchett,Acropora cf. nasuta,245,0
78,Feb-20,2020,Mermaid Mooring - Lizard,Morgan Pratchett,Acropora cf. nasuta,65,0
79,Feb-20,2020,Mermaid Mooring - Lizard,Morgan Pratchett,Acropora cf. nasuta,130,0
80,Feb-20,2020,Mermaid Mooring - Lizard,Morgan Pratchett,Acropora cf. nasuta,265,0
81,Feb-20,2020,Mermaid Mooring - Lizard,Morgan Pratchett,Acropora cf. nasuta,170,0
82,Feb-20,2020,Mermaid Mooring - Lizard,Morgan Pratchett,Acropora cf. nasuta,190,0
83,Feb-20,2020,Mermaid Mooring - Lizard,Morgan Pratchett,Acropora cf. nasuta,225,0
84,Feb-20,2020,Mermaid Mooring - Lizard,Morgan Pratchett,Acropora cf. nasuta,265,0
85,Feb-20,2020,Mermaid Mooring - Lizard,Morgan Pratchett,Acropora cf. nasuta,230,0
86,Feb-20,2020,Mermaid Mooring - Lizard,Morgan Pratchett,Acropora cf. nasuta,160,0
87,Feb-20,2020,Mermaid Mooring - Lizard,Morgan Pratchett,Acropora cf. nasuta,160,0
88,Feb-20,2020,Mermaid Mooring - Lizard,Morgan Pratchett,Acropora cf. nasuta,180,0
89,Feb-20,2020,Mermaid Mooring - Lizard,Morgan Pratchett,Acropora cf. nasuta,65,0
90,Feb-20,2020,Mermaid Mooring - Lizard,Morgan Pratchett,Acropora cf. nasuta,100,5
91,Feb-20,2020,Mermaid Mooring - Lizard,Morgan Pratchett,Acropora cf. nasuta,70,10
92,Feb-20,2020,Mermaid Mooring - Lizard,Morgan Pratchett,Acropora cf. nasuta,200,0
93,Feb-20,2020,Mermaid Mooring - Lizard,Morgan Pratchett,Acropora cf. nasuta,270,0
94,Feb-20,2020,Mermaid Mooring - Lizard,Morgan Pratchett,Acropora cf. nasuta,70,0
95,Feb-20,2020,Mermaid Mooring - Lizard,Morgan Pratchett,Acropora cf. nasuta,120,0
96,Feb-20,2020,Mermaid Mooring - Lizard,Morgan Pratchett,Acropora cf. nasuta,110,0
97,Feb-20,2020,Mermaid Mooring - Lizard,Morgan Pratchett,Acropora cf. nasuta,100,0
98,Feb-20,2020,Mermaid Mooring - Lizard,Morgan Pratchett,Acropora cf. nasuta,160,0
99,Feb-20,2020,Mermaid Mooring - Lizard,Morgan Pratchett,Acropora cf. nasuta,60,0
100,Feb-20,2020,Mermaid Mooring - Lizard,Morgan Pratchett,Acropora cf. nasuta,145,0
101,Feb-20,2020,Mermaid Mooring - Lizard,Morgan Pratchett,Acropora cf. nasuta,180,0
102,Feb-20,2020,Mermaid Mooring - Lizard,Morgan Pratchett,Acropora cf. nasuta,115,0
103,Feb-20,2020,Mermaid Mooring - Lizard,Morgan Pratchett,Acropora cf. nasuta,145,0
104,Feb-20,2020,Mermaid Mooring - Lizard,Morgan Pratchett,Acropora cf. nasuta,55,0
105,Feb-20,2020,Mermaid Mooring - Lizard,Morgan Pratchett,Acropora cf. nasuta,105,0
106,Feb-20,2020,Mermaid Mooring - Lizard,Morgan Pratchett,Acropora cf. nasuta,160,0
107,Feb-20,2020,Mermaid Mooring - Lizard,Morgan Pratchett,Acropora cf. nasuta,140,0
108,Feb-20,2020,Mermaid Mooring - Lizard,Morgan Pratchett,Acropora cf. nasuta,90,0
109,Feb-20,2020,Mermaid Mooring - Lizard,Morgan Pratchett,Acropora cf. nasuta,120,0
110,Feb-20,2020,Mermaid Mooring - Lizard,Morgan Pratchett,Acropora cf. nasuta,120,0
238,Feb-20,2020,Mermaid Mooring - Lizard,Morgan Pratchett,Pocillopora cf. meandrina,165,0
239,Feb-20,2020,Mermaid Mooring - Lizard,Morgan Pratchett,Pocillopora cf. meandrina,290,0
240,Feb-20,2020,Mermaid Mooring - Lizard,Morgan Pratchett,Pocillopora cf. meandrina,125,0
241,Feb-20,2020,Mermaid Mooring - Lizard,Morgan Pratchett,Pocillopora cf. meandrina,165,0
242,Feb-20,2020,Mermaid Mooring - Lizard,Morgan Pratchett,Pocillopora cf. meandrina,290,0
243,Feb-20,2020,Mermaid Mooring - Lizard,Morgan Pratchett,Pocillopora cf. meandrina,100,0
244,Feb-20,2020,Mermaid Mooring - Lizard,Morgan Pratchett,Pocillopora cf. meandrina,245,0
245,Feb-20,2020,Mermaid Mooring - Lizard,Morgan Pratchett,Pocillopora cf. meandrina,160,0
246,Feb-20,2020,Mermaid Mooring - Lizard,Morgan Pratchett,Pocillopora cf. meandrina,405,0
247,Feb-20,2020,Mermaid Mooring - Lizard,Morgan Pratchett,Pocillopora cf. meandrina,365,0
248,Feb-20,2020,Mermaid Mooring - Lizard,Morgan Pratchett,Pocillopora cf. meandrina,330,0
249,Feb-20,2020,Mermaid Mooring - Lizard,Morgan Pratchett,Pocillopora cf. meandrina,260,0
250,Feb-20,2020,Mermaid Mooring - Lizard,Morgan Pratchett,Pocillopora cf. meandrina,245,0
251,Feb-20,2020,Mermaid Mooring - Lizard,Morgan Pratchett,Pocillopora cf. meandrina,325,0
252,Feb-20,2020,Mermaid Mooring - Lizard,Morgan Pratchett,Pocillopora cf. meandrina,305,0
253,Feb-20,2020,Mermaid Mooring - Lizard,Morgan Pratchett,Pocillopora cf. meandrina,130,0
254,Feb-20,2020,Mermaid Mooring - Lizard,Morgan Pratchett,Pocillopora cf. meandrina,80,0
255,Feb-20,2020,Mermaid Mooring - Lizard,Morgan Pratchett,Pocillopora cf. meandrina,245,0
256,Feb-20,2020,Mermaid Mooring - Lizard,Morgan Pratchett,Pocillopora cf. meandrina,300,0
257,Feb-20,2020,Mermaid Mooring - Lizard,Morgan Pratchett,Pocillopora cf. meandrina,85,0
258,Feb-20,2020,Mermaid Mooring - Lizard,Morgan Pratchett,Pocillopora cf. meandrina,135,0
259,Feb-20,2020,Mermaid Mooring - Lizard,Morgan Pratchett,Pocillopora cf. meandrina,315,0
260,Feb-20,2020,Mermaid Mooring - Lizard,Morgan Pratchett,Pocillopora cf. meandrina,45,0
261,Feb-20,2020,Mermaid Mooring - Lizard,Morgan Pratchett,Pocillopora cf. meandrina,240,0
262,Feb-20,2020,Mermaid Mooring - Lizard,Morgan Pratchett,Pocillopora cf. meandrina,40,0
263,Feb-20,2020,Mermaid Mooring - Lizard,Morgan Pratchett,Pocillopora cf. meandrina,130,0
264,Feb-20,2020,Mermaid Mooring - Lizard,Morgan Pratchett,Pocillopora cf. meandrina,260,0
265,Feb-20,2020,Mermaid Mooring - Lizard,Morgan Pratchett,Pocillopora cf. meandrina,210,0
266,Feb-20,2020,Mermaid Mooring - Lizard,Morgan Pratchett,Pocillopora cf. meandrina,115,0
267,Feb-20,2020,Mermaid Mooring - Lizard,Morgan Pratchett,Pocillopora cf. meandrina,85,0
268,Feb-20,2020,Mermaid Mooring - Lizard,Morgan Pratchett,Pocillopora cf. meandrina,30,0
269,Feb-20,2020,Mermaid Mooring - Lizard,Morgan Pratchett,Pocillopora cf. meandrina,240,0
270,Feb-20,2020,Mermaid Mooring - Lizard,Morgan Pratchett,Pocillopora cf. meandrina,150,0
271,Feb-20,2020,Mermaid Mooring - Lizard,Morgan Pratchett,Pocillopora cf. meandrina,310,0
272,Feb-20,2020,Mermaid Mooring - Lizard,Morgan Pratchett,Pocillopora cf. meandrina,55,0
273,Feb-20,2020,Mermaid Mooring - Lizard,Morgan Pratchett,Pocillopora cf. meandrina,430,0
274,Feb-20,2020,Mermaid Mooring - Lizard,Morgan Pratchett,Pocillopora cf. meandrina,165,0
275,Feb-20,2020,Mermaid Mooring - Lizard,Morgan Pratchett,Pocillopora cf. meandrina,210,0
276,Feb-20,2020,Mermaid Mooring - Lizard,Morgan Pratchett,Pocillopora cf. meandrina,75,0
277,Feb-20,2020,Mermaid Mooring - Lizard,Morgan Pratchett,Pocillopora cf. meandrina,100,0
278,Feb-20,2020,Mermaid Mooring - Lizard,Morgan Pratchett,Pocillopora cf. meandrina,110,Pale
279,Feb-20,2020,Mermaid Mooring - Lizard,Morgan Pratchett,Pocillopora cf. meandrina,70,0
280,Feb-20,2020,Mermaid Mooring - Lizard,Morgan Pratchett,Pocillopora cf. meandrina,320,0
281,Feb-20,2020,Mermaid Mooring - Lizard,Morgan Pratchett,Pocillopora cf. meandrina,260,0
282,Feb-20,2020,Mermaid Mooring - Lizard,Morgan Pratchett,Pocillopora cf. meandrina,140,0
283,Feb-20,2020,Mermaid Mooring - Lizard,Morgan Pratchett,Pocillopora cf. meandrina,75,0
284,Feb-20,2020,Mermaid Mooring - Lizard,Morgan Pratchett,Pocillopora cf. meandrina,95,0
285,Feb-20,2020,Mermaid Mooring - Lizard,Morgan Pratchett,Pocillopora cf. meandrina,170,0
286,Feb-20,2020,Mermaid Mooring - Lizard,Morgan Pratchett,Pocillopora cf. meandrina,420,0
287,Feb-20,2020,Mermaid Mooring - Lizard,Morgan Pratchett,Pocillopora cf. meandrina,85,0
288,Feb-20,2020,Mermaid Mooring - Lizard,Morgan Pratchett,Pocillopora cf. meandrina,60,0
289,Feb-20,2020,Mermaid Mooring - Lizard,Morgan Pratchett,Pocillopora cf. meandrina,230,0
290,Feb-20,2020,Mermaid Mooring - Lizard,Morgan Pratchett,Pocillopora cf. meandrina,300,0
291,Feb-20,2020,Mermaid Mooring - Lizard,Morgan Pratchett,Pocillopora cf. meandrina,305,0
292,Feb-20,2020,Mermaid Mooring - Lizard,Morgan Pratchett,Pocillopora cf. meandrina,95,0
293,Feb-20,2020,Mermaid Mooring - Lizard,Morgan Pratchett,Pocillopora cf. meandrina,120,0
294,Feb-20,2020,Mermaid Mooring - Lizard,Morgan Pratchett,Pocillopora cf. meandrina,70,0
295,Feb-20,2020,Mermaid Mooring - Lizard,Morgan Pratchett,Pocillopora cf. meandrina,150,0
296,Feb-20,2020,Mermaid Mooring - Lizard,Morgan Pratchett,Pocillopora cf. meandrina,350,0
297,Feb-20,2020,Mermaid Mooring - Lizard,Morgan Pratchett,Pocillopora cf. meandrina,120,0
298,Feb-20,2020,Mermaid Mooring - Lizard,Morgan Pratchett,Pocillopora cf. meandrina,55,0
299,Feb-20,2020,Mermaid Mooring - Lizard,Morgan Pratchett,Pocillopora cf. meandrina,210,0
300,Feb-20,2020,Mermaid Mooring - Lizard,Morgan Pratchett,Pocillopora cf. meandrina,100,0
301,Feb-20,2020,Mermaid Mooring - Lizard,Morgan Pratchett,Pocillopora cf. meandrina,140,0
302,Feb-20,2020,Mermaid Mooring - Lizard,Morgan Pratchett,Pocillopora cf. meandrina,180,0
303,Feb-20,2020,Mermaid Mooring - Lizard,Morgan Pratchett,Pocillopora cf. meandrina,300,0
304,Feb-20,2020,Mermaid Mooring - Lizard,Morgan Pratchett,Pocillopora cf. meandrina,310,0
305,Feb-20,2020,Mermaid Mooring - Lizard,Morgan Pratchett,Pocillopora cf. meandrina,120,0
306,Feb-20,2020,Mermaid Mooring - Lizard,Morgan Pratchett,Pocillopora cf. meandrina,150,0
307,Feb-20,2020,Mermaid Mooring - Lizard,Morgan Pratchett,Pocillopora cf. meandrina,120,0
472,Jun-22,2022,Mermaid Mooring - Lizard,Morgan Pratchett,Acropora cf. hyacinthus,260,0
473,Jun-22,2022,Mermaid Mooring - Lizard,Morgan Pratchett,Acropora cf. hyacinthus,600,0
474,Jun-22,2022,Mermaid Mooring - Lizard,Morgan Pratchett,Acropora cf. hyacinthus,350,0
475,Jun-22,2022,Mermaid Mooring - Lizard,Morgan Pratchett,Acropora cf. hyacinthus,480,0
476,Jun-22,2022,Mermaid Mooring - Lizard,Morgan Pratchett,Acropora cf. hyacinthus,210,0
477,Jun-22,2022,Mermaid Mooring - Lizard,Morgan Pratchett,Acropora cf. hyacinthus,230,0
478,Jun-22,2022,Mermaid Mooring - Lizard,Morgan Pratchett,Acropora cf. hyacinthus,90,0
479,Jun-22,2022,Mermaid Mooring - Lizard,Morgan Pratchett,Acropora cf. hyacinthus,450,0
480,Jun-22,2022,Mermaid Mooring - Lizard,Morgan Pratchett,Acropora cf. hyacinthus,170,0
481,Jun-22,2022,Mermaid Mooring - Lizard,Morgan Pratchett,Acropora cf. hyacinthus,310,0
482,Jun-22,2022,Mermaid Mooring - Lizard,Morgan Pratchett,Acropora cf. hyacinthus,110,0
483,Jun-22,2022,Mermaid Mooring - Lizard,Morgan Pratchett,Acropora cf. hyacinthus,210,0
484,Jun-22,2022,Mermaid Mooring - Lizard,Morgan Pratchett,Acropora cf. hyacinthus,360,0
485,Jun-22,2022,Mermaid Mooring - Lizard,Morgan Pratchett,Acropora cf. hyacinthus,340,0
486,Jun-22,2022,Mermaid Mooring - Lizard,Morgan Pratchett,Acropora cf. hyacinthus,360,0
487,Jun-22,2022,Mermaid Mooring - Lizard,Morgan Pratchett,Acropora cf. hyacinthus,50,0
488,Jun-22,2022,Mermaid Mooring - Lizard,Morgan Pratchett,Acropora cf. hyacinthus,140,0
489,Jun-22,2022,Mermaid Mooring - Lizard,Morgan Pratchett,Acropora cf. hyacinthus,60,0
490,Jun-22,2022,Mermaid Mooring - Lizard,Morgan Pratchett,Acropora cf. hyacinthus,220,0
491,Jun-22,2022,Mermaid Mooring - Lizard,Morgan Pratchett,Acropora cf. hyacinthus,200,0
492,Jun-22,2022,Mermaid Mooring - Lizard,Morgan Pratchett,Acropora cf. hyacinthus,190,0
493,Jun-22,2022,Mermaid Mooring - Lizard,Morgan Pratchett,Acropora cf. hyacinthus,200,0
494,Jun-22,2022,Mermaid Mooring - Lizard,Morgan Pratchett,Acropora cf. hyacinthus,290,0
495,Jun-22,2022,Mermaid Mooring - Lizard,Morgan Pratchett,Acropora cf. hyacinthus,70,0
496,Jun-22,2022,Mermaid Mooring - Lizard,Morgan Pratchett,Acropora cf. hyacinthus,80,0
497,Jun-22,2022,Mermaid Mooring - Lizard,Morgan Pratchett,Acropora cf. hyacinthus,180,0
498,Jun-22,2022,Mermaid Mooring - Lizard,Morgan Pratchett,Acropora cf. hyacinthus,200,0
499,Jun-22,2022,Mermaid Mooring - Lizard,Morgan Pratchett,Acropora cf. hyacinthus,240,0
500,Jun-22,2022,Mermaid Mooring - Lizard,Morgan Pratchett,Acropora cf. hyacinthus,30,0
501,Jun-22,2022,Mermaid Mooring - Lizard,Morgan Pratchett,Acropora cf. hyacinthus,650,0
502,Jun-22,2022,Mermaid Mooring - Lizard,Morgan Pratchett,Acropora cf. hyacinthus,400,0
503,Jun-22,2022,Mermaid Mooring - Lizard,Morgan Pratchett,Acropora cf. hyacinthus,510,0
504,Jun-22,2022,Mermaid Mooring - Lizard,Morgan Pratchett,Acropora cf. hyacinthus,320,0
505,Jun-22,2022,Mermaid Mooring - Lizard,Morgan Pratchett,Acropora cf. hyacinthus,330,0
506,Jun-22,2022,Mermaid Mooring - Lizard,Morgan Pratchett,Acropora cf. hyacinthus,610,0
507,Jun-22,2022,Mermaid Mooring - Lizard,Morgan Pratchett,Acropora cf. hyacinthus,400,0
508,Jun-22,2022,Mermaid Mooring - Lizard,Morgan Pratchett,Acropora cf. hyacinthus,510,0
509,Jun-22,2022,Mermaid Mooring - Lizard,Morgan Pratchett,Acropora cf. hyacinthus,320,0
510,Jun-22,2022,Mermaid Mooring - Lizard,Morgan Pratchett,Acropora cf. hyacinthus,330,0
511,Jun-22,2022,Mermaid Mooring - Lizard,Morgan Pratchett,Acropora cf. hyacinthus,610,0
512,Jun-22,2022,Mermaid Mooring - Lizard,Morgan Pratchett,Acropora cf. hyacinthus,480,0
513,Jun-22,2022,Mermaid Mooring - Lizard,Morgan Pratchett,Acropora cf. hyacinthus,330,0
514,Jun-22,2022,Mermaid Mooring - Lizard,Morgan Pratchett,Acropora cf. hyacinthus,220,0
515,Jun-22,2022,Mermaid Mooring - Lizard,Morgan Pratchett,Acropora cf. hyacinthus,300,0
516,Jun-22,2022,Mermaid Mooring - Lizard,Morgan Pratchett,Acropora cf. hyacinthus,400,0
517,Jun-22,2022,Mermaid Mooring - Lizard,Morgan Pratchett,Acropora cf. hyacinthus,480,0
518,Jun-22,2022,Mermaid Mooring - Lizard,Morgan Pratchett,Acropora cf. hyacinthus,400,0
519,Jun-22,2022,Mermaid Mooring - Lizard,Morgan Pratchett,Acropora cf. hyacinthus,530,0
520,Jun-22,2022,Mermaid Mooring - Lizard,Morgan Pratchett,Acropora cf. hyacinthus,480,0
521,Jun-22,2022,Mermaid Mooring - Lizard,Morgan Pratchett,Acropora cf. hyacinthus,610,0
522,Jun-22,2022,Mermaid Mooring - Lizard,Morgan Pratchett,Acropora cf. hyacinthus,490,0
523,Jun-22,2022,Mermaid Mooring - Lizard,Morgan Pratchett,Acropora cf. hyacinthus,510,0
524,Jun-22,2022,Mermaid Mooring - Lizard,Morgan Pratchett,Acropora cf. hyacinthus,220,0
525,Jun-22,2022,Mermaid Mooring - Lizard,Morgan Pratchett,Acropora cf. hyacinthus,550,0
526,Jun-22,2022,Mermaid Mooring - Lizard,Morgan Pratchett,Acropora cf. hyacinthus,620,0
527,Jun-22,2022,Mermaid Mooring - Lizard,Morgan Pratchett,Acropora cf. hyacinthus,420,0
528,Jun-22,2022,Mermaid Mooring - Lizard,Morgan Pratchett,Acropora cf. hyacinthus,490,0
529,Jun-22,2022,Mermaid Mooring - Lizard,Morgan Pratchett,Acropora cf. hyacinthus,300,0
530,Jun-22,2022,Mermaid Mooring - Lizard,Morgan Pratchett,Acropora cf. hyacinthus,450,0
531,Jun-22,2022,Mermaid Mooring - Lizard,Morgan Pratchett,Acropora cf. hyacinthus,380,0
532,Jun-22,2022,Mermaid Mooring - Lizard,Morgan Pratchett,Acropora cf. hyacinthus,390,0
533,Jun-22,2022,Mermaid Mooring - Lizard,Morgan Pratchett,Acropora cf. hyacinthus,780,0
534,Jun-22,2022,Mermaid Mooring - Lizard,Morgan Pratchett,Acropora cf. hyacinthus,620,0
535,Jun-22,2022,Mermaid Mooring - Lizard,Morgan Pratchett,Acropora cf. hyacinthus,450,0
536,Jun-22,2022,Mermaid Mooring - Lizard,Morgan Pratchett,Acropora cf. hyacinthus,510,0
537,Jun-22,2022,Mermaid Mooring - Lizard,Morgan Pratchett,Acropora cf. hyacinthus,610,0
538,Jun-22,2022,Mermaid Mooring - Lizard,Morgan Pratchett,Acropora cf. hyacinthus,520,0
539,Jun-22,2022,Mermaid Mooring - Lizard,Morgan Pratchett,Acropora cf. hyacinthus,180,0
540,Jun-22,2022,Mermaid Mooring - Lizard,Morgan Pratchett,Acropora cf. hyacinthus,310,0
541,Jun-22,2022,Mermaid Mooring - Lizard,Morgan Pratchett,Acropora cf. hyacinthus,220,0
542,Jun-22,2022,Mermaid Mooring - Lizard,Morgan Pratchett,Acropora cf. hyacinthus,200,0
543,Jun-22,2022,Mermaid Mooring - Lizard,Morgan Pratchett,Acropora cf. hyacinthus,450,0
544,Jun-22,2022,Mermaid Mooring - Lizard,Morgan Pratchett,Acropora cf. hyacinthus,430,0
545,Jun-22,2022,Mermaid Mooring - Lizard,Morgan Pratchett,Acropora cf. hyacinthus,500,0
546,Jun-22,2022,Mermaid Mooring - Lizard,Krista,Acropora cf. hyacinthus,400,
547,Jun-22,2022,Mermaid Mooring - Lizard,Krista,Acropora cf. hyacinthus,600,
548,Jun-22,2022,Mermaid Mooring - Lizard,Krista,Acropora cf. hyacinthus,150,
549,Jun-22,2022,Mermaid Mooring - Lizard,Krista,Acropora cf. hyacinthus,220,
550,Jun-22,2022,Mermaid Mooring - Lizard,Krista,Acropora cf. hyacinthus,260,
551,Jun-22,2022,Mermaid Mooring - Lizard,Krista,Acropora cf. hyacinthus,300,
552,Jun-22,2022,Mermaid Mooring - Lizard,Krista,Acropora cf. hyacinthus,320,
553,Jun-22,2022,Mermaid Mooring - Lizard,Krista,Acropora cf. hyacinthus,300,
554,Jun-22,2022,Mermaid Mooring - Lizard,Krista,Acropora cf. hyacinthus,330,
555,Jun-22,2022,Mermaid Mooring - Lizard,Krista,Acropora cf. hyacinthus,750,
556,Jun-22,2022,Mermaid Mooring - Lizard,Krista,Acropora cf. hyacinthus,410,
557,Jun-22,2022,Mermaid Mooring - Lizard,Krista,Acropora cf. hyacinthus,420,
558,Jun-22,2022,Mermaid Mooring - Lizard,Krista,Acropora cf. hyacinthus,320,
559,Jun-22,2022,Mermaid Mooring - Lizard,Krista,Acropora cf. hyacinthus,330,
560,Jun-22,2022,Mermaid Mooring - Lizard,Krista,Acropora cf. hyacinthus,700,
561,Jun-22,2022,Mermaid Mooring - Lizard,Krista,Acropora cf. hyacinthus,380,
562,Jun-22,2022,Mermaid Mooring - Lizard,Krista,Acropora cf. hyacinthus,320,
563,Jun-22,2022,Mermaid Mooring - Lizard,Krista,Acropora cf. hyacinthus,420,
564,Jun-22,2022,Mermaid Mooring - Lizard,Krista,Acropora cf. hyacinthus,310,
395,Jun-22,2022,Mermaid Mooring - Lizard,Morgan Pratchett,Acropora cf. nasuta,420,0
396,Jun-22,2022,Mermaid Mooring - Lizard,Morgan Pratchett,Acropora cf. nasuta,310,0
397,Jun-22,2022,Mermaid Mooring - Lizard,Morgan Pratchett,Acropora cf. nasuta,140,0
398,Jun-22,2022,Mermaid Mooring - Lizard,Morgan Pratchett,Acropora cf. nasuta,130,0
399,Jun-22,2022,Mermaid Mooring - Lizard,Morgan Pratchett,Acropora cf. nasuta,340,0
400,Jun-22,2022,Mermaid Mooring - Lizard,Morgan Pratchett,Acropora cf. nasuta,240,0
401,Jun-22,2022,Mermaid Mooring - Lizard,Morgan Pratchett,Acropora cf. nasuta,310,0
402,Jun-22,2022,Mermaid Mooring - Lizard,Morgan Pratchett,Acropora cf. nasuta,220,0
403,Jun-22,2022,Mermaid Mooring - Lizard,Morgan Pratchett,Acropora cf. nasuta,400,0
404,Jun-22,2022,Mermaid Mooring - Lizard,Morgan Pratchett,Acropora cf. nasuta,320,0
405,Jun-22,2022,Mermaid Mooring - Lizard,Morgan Pratchett,Acropora cf. nasuta,510,0
406,Jun-22,2022,Mermaid Mooring - Lizard,Morgan Pratchett,Acropora cf. nasuta,255,0
407,Jun-22,2022,Mermaid Mooring - Lizard,Morgan Pratchett,Acropora cf. nasuta,330,0
408,Jun-22,2022,Mermaid Mooring - Lizard,Morgan Pratchett,Acropora cf. nasuta,410,0
409,Jun-22,2022,Mermaid Mooring - Lizard,Morgan Pratchett,Acropora cf. nasuta,230,0
410,Jun-22,2022,Mermaid Mooring - Lizard,Morgan Pratchett,Acropora cf. nasuta,390,0
411,Jun-22,2022,Mermaid Mooring - Lizard,Morgan Pratchett,Acropora cf. nasuta,330,0
412,Jun-22,2022,Mermaid Mooring - Lizard,Morgan Pratchett,Acropora cf. nasuta,330,0
413,Jun-22,2022,Mermaid Mooring - Lizard,Morgan Pratchett,Acropora cf. nasuta,340,0
414,Jun-22,2022,Mermaid Mooring - Lizard,Morgan Pratchett,Acropora cf. nasuta,310,0
415,Jun-22,2022,Mermaid Mooring - Lizard,Morgan Pratchett,Acropora cf. nasuta,290,0
416,Jun-22,2022,Mermaid Mooring - Lizard,Morgan Pratchett,Acropora cf. nasuta,290,0
417,Jun-22,2022,Mermaid Mooring - Lizard,Morgan Pratchett,Acropora cf. nasuta,355,0
418,Jun-22,2022,Mermaid Mooring - Lizard,Morgan Pratchett,Acropora cf. nasuta,225,0
419,Jun-22,2022,Mermaid Mooring - Lizard,Morgan Pratchett,Acropora cf. nasuta,255,0
420,Jun-22,2022,Mermaid Mooring - Lizard,Morgan Pratchett,Acropora cf. nasuta,195,0
421,Jun-22,2022,Mermaid Mooring - Lizard,Morgan Pratchett,Acropora cf. nasuta,315,0
422,Jun-22,2022,Mermaid Mooring - Lizard,Morgan Pratchett,Acropora cf. nasuta,340,0
423,Jun-22,2022,Mermaid Mooring - Lizard,Morgan Pratchett,Acropora cf. nasuta,240,0
424,Jun-22,2022,Mermaid Mooring - Lizard,Morgan Pratchett,Acropora cf. nasuta,210,0
425,Jun-22,2022,Mermaid Mooring - Lizard,Morgan Pratchett,Acropora cf. nasuta,310,0
426,Jun-22,2022,Mermaid Mooring - Lizard,Morgan Pratchett,Acropora cf. nasuta,210,0
427,Jun-22,2022,Mermaid Mooring - Lizard,Morgan Pratchett,Acropora cf. nasuta,260,0
428,Jun-22,2022,Mermaid Mooring - Lizard,Morgan Pratchett,Acropora cf. nasuta,420,0
429,Jun-22,2022,Mermaid Mooring - Lizard,Morgan Pratchett,Acropora cf. nasuta,410,0
430,Jun-22,2022,Mermaid Mooring - Lizard,Morgan Pratchett,Acropora cf. nasuta,610,0
431,Jun-22,2022,Mermaid Mooring - Lizard,Morgan Pratchett,Acropora cf. nasuta,190,0
432,Jun-22,2022,Mermaid Mooring - Lizard,Morgan Pratchett,Acropora cf. nasuta,420,0
433,Jun-22,2022,Mermaid Mooring - Lizard,Morgan Pratchett,Acropora cf. nasuta,230,0
434,Jun-22,2022,Mermaid Mooring - Lizard,Morgan Pratchett,Acropora cf. nasuta,130,0
435,Jun-22,2022,Mermaid Mooring - Lizard,Morgan Pratchett,Acropora cf. nasuta,200,0
436,Jun-22,2022,Mermaid Mooring - Lizard,Morgan Pratchett,Acropora cf. nasuta,410,0
437,Jun-22,2022,Mermaid Mooring - Lizard,Morgan Pratchett,Acropora cf. nasuta,220,0
438,Jun-22,2022,Mermaid Mooring - Lizard,Morgan Pratchett,Acropora cf. nasuta,360,0
439,Jun-22,2022,Mermaid Mooring - Lizard,Morgan Pratchett,Acropora cf. nasuta,230,0
440,Jun-22,2022,Mermaid Mooring - Lizard,Morgan Pratchett,Acropora cf. nasuta,70,0
441,Jun-22,2022,Mermaid Mooring - Lizard,Morgan Pratchett,Acropora cf. nasuta,60,0
442,Jun-22,2022,Mermaid Mooring - Lizard,Morgan Pratchett,Acropora cf. nasuta,200,0
443,Jun-22,2022,Mermaid Mooring - Lizard,Morgan Pratchett,Acropora cf. nasuta,320,0
444,Jun-22,2022,Mermaid Mooring - Lizard,Morgan Pratchett,Acropora cf. nasuta,240,0
445,Jun-22,2022,Mermaid Mooring - Lizard,Morgan Pratchett,Acropora cf. nasuta,400,0
446,Jun-22,2022,Mermaid Mooring - Lizard,Morgan Pratchett,Acropora cf. nasuta,300,0
447,Jun-22,2022,Mermaid Mooring - Lizard,Morgan Pratchett,Acropora cf. nasuta,310,0
448,Jun-22,2022,Mermaid Mooring - Lizard,Morgan Pratchett,Acropora cf. nasuta,320,0
449,Jun-22,2022,Mermaid Mooring - Lizard,Morgan Pratchett,Acropora cf. nasuta,260,0
450,Jun-22,2022,Mermaid Mooring - Lizard,Morgan Pratchett,Acropora cf. nasuta,240,0
451,Jun-22,2022,Mermaid Mooring - Lizard,Morgan Pratchett,Acropora cf. nasuta,210,0
452,Jun-22,2022,Mermaid Mooring - Lizard,Morgan Pratchett,Acropora cf. nasuta,240,0
453,Jun-22,2022,Mermaid Mooring - Lizard,Morgan Pratchett,Acropora cf. nasuta,300,0
454,Jun-22,2022,Mermaid Mooring - Lizard,Morgan Pratchett,Acropora cf. nasuta,320,0
455,Jun-22,2022,Mermaid Mooring - Lizard,Morgan Pratchett,Acropora cf. nasuta,400,0
456,Jun-22,2022,Mermaid Mooring - Lizard,Morgan Pratchett,Acropora cf. nasuta,175,0
457,Jun-22,2022,Mermaid Mooring - Lizard,Morgan Pratchett,Acropora cf. nasuta,120,0
458,Jun-22,2022,Mermaid Mooring - Lizard,Morgan Pratchett,Acropora cf. nasuta,230,0
459,Jun-22,2022,Mermaid Mooring - Lizard,Morgan Pratchett,Acropora cf. nasuta,220,0
460,Jun-22,2022,Mermaid Mooring - Lizard,Morgan Pratchett,Acropora cf. nasuta,100,0
461,Jun-22,2022,Mermaid Mooring - Lizard,Morgan Pratchett,Acropora cf. nasuta,230,0
462,Jun-22,2022,Mermaid Mooring - Lizard,Morgan Pratchett,Acropora cf. nasuta,110,0
463,Jun-22,2022,Mermaid Mooring - Lizard,Morgan Pratchett,Acropora cf. nasuta,190,0
464,Jun-22,2022,Mermaid Mooring - Lizard,Morgan Pratchett,Acropora cf. nasuta,110,0
465,Jun-22,2022,Mermaid Mooring - Lizard,Morgan Pratchett,Acropora cf. nasuta,110,0
466,Jun-22,2022,Mermaid Mooring - Lizard,Morgan Pratchett,Acropora cf. nasuta,125,0
467,Jun-22,2022,Mermaid Mooring - Lizard,Morgan Pratchett,Acropora cf. nasuta,210,0
468,Jun-22,2022,Mermaid Mooring - Lizard,Morgan Pratchett,Acropora cf. nasuta,405,0
469,Jun-22,2022,Mermaid Mooring - Lizard,Morgan Pratchett,Acropora cf. nasuta,380,0
470,Jun-22,2022,Mermaid Mooring - Lizard,Morgan Pratchett,Acropora cf. nasuta,70,0
471,Jun-22,2022,Mermaid Mooring - Lizard,Morgan Pratchett,Acropora cf. nasuta,150,0
308,Jun-22,2022,Mermaid Mooring - Lizard,Morgan Pratchett,Pocillopora cf. meandrina,170,0
309,Jun-22,2022,Mermaid Mooring - Lizard,Morgan Pratchett,Pocillopora cf. meandrina,320,0
310,Jun-22,2022,Mermaid Mooring - Lizard,Morgan Pratchett,Pocillopora cf. meandrina,140,0
311,Jun-22,2022,Mermaid Mooring - Lizard,Morgan Pratchett,Pocillopora cf. meandrina,320,0
312,Jun-22,2022,Mermaid Mooring - Lizard,Morgan Pratchett,Pocillopora cf. meandrina,35,0
313,Jun-22,2022,Mermaid Mooring - Lizard,Morgan Pratchett,Pocillopora cf. meandrina,25,0
314,Jun-22,2022,Mermaid Mooring - Lizard,Morgan Pratchett,Pocillopora cf. meandrina,50,0
315,Jun-22,2022,Mermaid Mooring - Lizard,Morgan Pratchett,Pocillopora cf. meandrina,130,0
316,Jun-22,2022,Mermaid Mooring - Lizard,Morgan Pratchett,Pocillopora cf. meandrina,460,0
317,Jun-22,2022,Mermaid Mooring - Lizard,Morgan Pratchett,Pocillopora cf. meandrina,210,0
318,Jun-22,2022,Mermaid Mooring - Lizard,Morgan Pratchett,Pocillopora cf. meandrina,220,0
319,Jun-22,2022,Mermaid Mooring - Lizard,Morgan Pratchett,Pocillopora cf. meandrina,130,0
320,Jun-22,2022,Mermaid Mooring - Lizard,Morgan Pratchett,Pocillopora cf. meandrina,210,0
321,Jun-22,2022,Mermaid Mooring - Lizard,Morgan Pratchett,Pocillopora cf. meandrina,90,0
322,Jun-22,2022,Mermaid Mooring - Lizard,Morgan Pratchett,Pocillopora cf. meandrina,60,0
323,Jun-22,2022,Mermaid Mooring - Lizard,Morgan Pratchett,Pocillopora cf. meandrina,70,0
324,Jun-22,2022,Mermaid Mooring - Lizard,Morgan Pratchett,Pocillopora cf. meandrina,120,0
325,Jun-22,2022,Mermaid Mooring - Lizard,Morgan Pratchett,Pocillopora cf. meandrina,130,0
326,Jun-22,2022,Mermaid Mooring - Lizard,Morgan Pratchett,Pocillopora cf. meandrina,200,50% dead
327,Jun-22,2022,Mermaid Mooring - Lizard,Morgan Pratchett,Pocillopora cf. meandrina,100,0
328,Jun-22,2022,Mermaid Mooring - Lizard,Morgan Pratchett,Pocillopora cf. meandrina,140,0
329,Jun-22,2022,Mermaid Mooring - Lizard,Morgan Pratchett,Pocillopora cf. meandrina,130,0
330,Jun-22,2022,Mermaid Mooring - Lizard,Morgan Pratchett,Pocillopora cf. meandrina,320,0
331,Jun-22,2022,Mermaid Mooring - Lizard,Morgan Pratchett,Pocillopora cf. meandrina,60,0
332,Jun-22,2022,Mermaid Mooring - Lizard,Morgan Pratchett,Pocillopora cf. meandrina,25,0
333,Jun-22,2022,Mermaid Mooring - Lizard,Morgan Pratchett,Pocillopora cf. meandrina,140,0
334,Jun-22,2022,Mermaid Mooring - Lizard,Morgan Pratchett,Pocillopora cf. meandrina,210,0
335,Jun-22,2022,Mermaid Mooring - Lizard,Morgan Pratchett,Pocillopora cf. meandrina,90,0
336,Jun-22,2022,Mermaid Mooring - Lizard,Morgan Pratchett,Pocillopora cf. meandrina,95,0
337,Jun-22,2022,Mermaid Mooring - Lizard,Morgan Pratchett,Pocillopora cf. meandrina,210,0
338,Jun-22,2022,Mermaid Mooring - Lizard,Morgan Pratchett,Pocillopora cf. meandrina,70,0
339,Jun-22,2022,Mermaid Mooring - Lizard,Morgan Pratchett,Pocillopora cf. meandrina,210,0
340,Jun-22,2022,Mermaid Mooring - Lizard,Morgan Pratchett,Pocillopora cf. meandrina,190,0
341,Jun-22,2022,Mermaid Mooring - Lizard,Morgan Pratchett,Pocillopora cf. meandrina,160,0
342,Jun-22,2022,Mermaid Mooring - Lizard,Morgan Pratchett,Pocillopora cf. meandrina,320,0
343,Jun-22,2022,Mermaid Mooring - Lizard,Morgan Pratchett,Pocillopora cf. meandrina,240,0
344,Jun-22,2022,Mermaid Mooring - Lizard,Morgan Pratchett,Pocillopora cf. meandrina,540,0
345,Jun-22,2022,Mermaid Mooring - Lizard,Morgan Pratchett,Pocillopora cf. meandrina,300,0
346,Jun-22,2022,Mermaid Mooring - Lizard,Morgan Pratchett,Pocillopora cf. meandrina,490,0
347,Jun-22,2022,Mermaid Mooring - Lizard,Morgan Pratchett,Pocillopora cf. meandrina,450,0
348,Jun-22,2022,Mermaid Mooring - Lizard,Morgan Pratchett,Pocillopora cf. meandrina,450,0
349,Jun-22,2022,Mermaid Mooring - Lizard,Morgan Pratchett,Pocillopora cf. meandrina,470,0
350,Jun-22,2022,Mermaid Mooring - Lizard,Morgan Pratchett,Pocillopora cf. meandrina,510,60% dead
351,Jun-22,2022,Mermaid Mooring - Lizard,Morgan Pratchett,Pocillopora cf. meandrina,120,0
352,Jun-22,2022,Mermaid Mooring - Lizard,Morgan Pratchett,Pocillopora cf. meandrina,240,0
353,Jun-22,2022,Mermaid Mooring - Lizard,Morgan Pratchett,Pocillopora cf. meandrina,150,0
354,Jun-22,2022,Mermaid Mooring - Lizard,Morgan Pratchett,Pocillopora cf. meandrina,90,0
355,Jun-22,2022,Mermaid Mooring - Lizard,Morgan Pratchett,Pocillopora cf. meandrina,100,0
356,Jun-22,2022,Mermaid Mooring - Lizard,Morgan Pratchett,Pocillopora cf. meandrina,50,0
357,Jun-22,2022,Mermaid Mooring - Lizard,Morgan Pratchett,Pocillopora cf. meandrina,130,0
358,Jun-22,2022,Mermaid Mooring - Lizard,Morgan Pratchett,Pocillopora cf. meandrina,250,50% dead
359,Jun-22,2022,Mermaid Mooring - Lizard,Morgan Pratchett,Pocillopora cf. meandrina,200,0
360,Jun-22,2022,Mermaid Mooring - Lizard,Morgan Pratchett,Pocillopora cf. meandrina,120,0
361,Jun-22,2022,Mermaid Mooring - Lizard,Morgan Pratchett,Pocillopora cf. meandrina,160,0
362,Jun-22,2022,Mermaid Mooring - Lizard,Morgan Pratchett,Pocillopora cf. meandrina,90,0
363,Jun-22,2022,Mermaid Mooring - Lizard,Morgan Pratchett,Pocillopora cf. meandrina,540,0
364,Jun-22,2022,Mermaid Mooring - Lizard,Morgan Pratchett,Pocillopora cf. meandrina,230,0
365,Jun-22,2022,Mermaid Mooring - Lizard,Morgan Pratchett,Pocillopora cf. meandrina,150,0
366,Jun-22,2022,Mermaid Mooring - Lizard,Morgan Pratchett,Pocillopora cf. meandrina,130,0
367,Jun-22,2022,Mermaid Mooring - Lizard,Morgan Pratchett,Pocillopora cf. meandrina,330,0
368,Jun-22,2022,Mermaid Mooring - Lizard,Morgan Pratchett,Pocillopora cf. meandrina,250,0
369,Jun-22,2022,Mermaid Mooring - Lizard,Morgan Pratchett,Pocillopora cf. meandrina,310,0
370,Jun-22,2022,Mermaid Mooring - Lizard,Morgan Pratchett,Pocillopora cf. meandrina,150,0
371,Jun-22,2022,Mermaid Mooring - Lizard,Morgan Pratchett,Pocillopora cf. meandrina,130,0
372,Jun-22,2022,Mermaid Mooring - Lizard,Morgan Pratchett,Pocillopora cf. meandrina,180,0
373,Jun-22,2022,Mermaid Mooring - Lizard,Morgan Pratchett,Pocillopora cf. meandrina,110,0
374,Jun-22,2022,Mermaid Mooring - Lizard,Morgan Pratchett,Pocillopora cf. meandrina,105,0
375,Jun-22,2022,Mermaid Mooring - Lizard,Morgan Pratchett,Pocillopora cf. meandrina,60,0
376,Jun-22,2022,Mermaid Mooring - Lizard,Morgan Pratchett,Pocillopora cf. meandrina,90,0
377,Jun-22,2022,Mermaid Mooring - Lizard,Morgan Pratchett,Pocillopora cf. meandrina,110,0
378,Jun-22,2022,Mermaid Mooring - Lizard,Morgan Pratchett,Pocillopora cf. meandrina,280,0
379,Jun-22,2022,Mermaid Mooring - Lizard,Morgan Pratchett,Pocillopora cf. meandrina,210,0
380,Jun-22,2022,Mermaid Mooring - Lizard,Morgan Pratchett,Pocillopora cf. meandrina,50,0
381,Jun-22,2022,Mermaid Mooring - Lizard,Morgan Pratchett,Pocillopora cf. meandrina,115,0
382,Jun-22,2022,Mermaid Mooring - Lizard,Morgan Pratchett,Pocillopora cf. meandrina,155,0
383,Jun-22,2022,Mermaid Mooring - Lizard,Morgan Pratchett,Pocillopora cf. meandrina,205,0
384,Jun-22,2022,Mermaid Mooring - Lizard,Morgan Pratchett,Pocillopora cf. meandrina,110,0
385,Jun-22,2022,Mermaid Mooring - Lizard,Morgan Pratchett,Pocillopora cf. meandrina,50,0
386,Jun-22,2022,Mermaid Mooring - Lizard,Morgan Pratchett,Pocillopora cf. meandrina,60,0
387,Jun-22,2022,Mermaid Mooring - Lizard,Morgan Pratchett,Pocillopora cf. meandrina,130,0
388,Jun-22,2022,Mermaid Mooring - Lizard,Morgan Pratchett,Pocillopora cf. meandrina,160,0
389,Jun-22,2022,Mermaid Mooring - Lizard,Morgan Pratchett,Pocillopora cf. meandrina,180,0
390,Jun-22,2022,Mermaid Mooring - Lizard,Morgan Pratchett,Pocillopora cf. meandrina,100,0
391,Jun-22,2022,Mermaid Mooring - Lizard,Morgan Pratchett,Pocillopora cf. meandrina,230,0
392,Jun-22,2022,Mermaid Mooring - Lizard,Morgan Pratchett,Pocillopora cf. meandrina,300,0
393,Jun-22,2022,Mermaid Mooring - Lizard,Morgan Pratchett,Pocillopora cf. meandrina,320,0
394,Jun-22,2022,Mermaid Mooring - Lizard,Morgan Pratchett,Pocillopora cf. meandrina,100,0
565,Jul-22,2022,Mermaid Mooring - Lizard,Krista,Acropora cf. hyacinthus,550,
566,Jul-22,2022,Mermaid Mooring - Lizard,Michael and Jordy,Acropora cf. hyacinthus,220,
567,Jul-22,2022,Mermaid Mooring - Lizard,Michael and Jordy,Acropora cf. hyacinthus,600,
568,Jul-22,2022,Mermaid Mooring - Lizard,Michael and Jordy,Acropora cf. hyacinthus,300,
569,Jul-22,2022,Mermaid Mooring - Lizard,Michael and Jordy,Acropora cf. hyacinthus,240,
570,Jul-22,2022,Mermaid Mooring - Lizard,Michael and Jordy,Acropora cf. hyacinthus,700,
571,Jul-22,2022,Mermaid Mooring - Lizard,Michael and Jordy,Acropora cf. hyacinthus,400,
572,Jul-22,2022,Mermaid Mooring - Lizard,Michael and Jordy,Acropora cf. hyacinthus,250,
573,Jul-22,2022,Mermaid Mooring - Lizard,Michael and Jordy,Acropora cf. hyacinthus,500,
574,Jul-22,2022,Mermaid Mooring - Lizard,Michael and Jordy,Acropora cf. hyacinthus,700,
575,Jul-22,2022,Mermaid Mooring - Lizard,Michael and Jordy,Acropora cf. hyacinthus,400,
576,Jul-22,2022,Mermaid Mooring - Lizard,Michael and Jordy,Acropora cf. hyacinthus,560,
577,Jul-22,2022,Mermaid Mooring - Lizard,Leira ,Pocillopora cf. meandrina,130,
578,Jul-22,2022,Mermaid Mooring - Lizard,Leira ,Pocillopora cf. meandrina,140,
579,Jul-22,2022,Mermaid Mooring - Lizard,Leira ,Pocillopora cf. meandrina,290,
580,Jul-22,2022,Mermaid Mooring - Lizard,Leira ,Pocillopora cf. meandrina,250,
581,Jul-22,2022,Mermaid Mooring - Lizard,Leira ,Pocillopora cf. meandrina,260,
582,Jul-22,2022,Mermaid Mooring - Lizard,Leira ,Pocillopora cf. meandrina,280,
583,Jul-22,2022,Mermaid Mooring - Lizard,Leira ,Pocillopora cf. meandrina,300,
584,Jul-22,2022,Mermaid Mooring - Lizard,Leira ,Pocillopora cf. meandrina,420,
585,Jul-22,2022,Mermaid Mooring - Lizard,Leira ,Pocillopora cf. meandrina,230,
586,Jul-22,2022,Mermaid Mooring - Lizard,Leira ,Pocillopora cf. meandrina,400,
587,Jul-22,2022,Mermaid Mooring - Lizard,Leira ,Pocillopora cf. meandrina,190,
588,Jul-22,2022,Mermaid Mooring - Lizard,Leira ,Pocillopora cf. meandrina,500,
589,Jul-22,2022,Mermaid Mooring - Lizard,Leira ,Pocillopora cf. meandrina,403,
590,Jun-24,2024,Mermaid Mooring - Lizard,Morgan Pratchett,Acropora cf. hyacinthus,1100,
591,Jun-24,2024,Mermaid Mooring - Lizard,Morgan Pratchett,Acropora cf. hyacinthus,560,
592,Jun-24,2024,Mermaid Mooring - Lizard,Morgan Pratchett,Acropora cf. hyacinthus,840,
593,Jun-24,2024,Mermaid Mooring - Lizard,Morgan Pratchett,Acropora cf. hyacinthus,1120,
594,Jun-24,2024,Mermaid Mooring - Lizard,Morgan Pratchett,Acropora cf. hyacinthus,510,
595,Jun-24,2024,Mermaid Mooring - Lizard,Morgan Pratchett,Acropora cf. hyacinthus,600,
596,Jun-24,2024,Mermaid Mooring - Lizard,Morgan Pratchett,Acropora cf. hyacinthus,540,
597,Jun-24,2024,Mermaid Mooring - Lizard,Morgan Pratchett,Acropora cf. hyacinthus,450,
598,Jun-24,2024,Mermaid Mooring - Lizard,Morgan Pratchett,Acropora cf. hyacinthus,670,
599,Jun-24,2024,Mermaid Mooring - Lizard,Morgan Pratchett,Acropora cf. hyacinthus,660,
600,Jun-24,2024,Mermaid Mooring - Lizard,Morgan Pratchett,Acropora cf. hyacinthus,440,
601,Jun-24,2024,Mermaid Mooring - Lizard,Morgan Pratchett,Acropora cf. hyacinthus,820,
602,Jun-24,2024,Mermaid Mooring - Lizard,Morgan Pratchett,Acropora cf. hyacinthus,790,
603,Jun-24,2024,Mermaid Mooring - Lizard,Morgan Pratchett,Acropora cf. hyacinthus,930,
604,Jun-24,2024,Mermaid Mooring - Lizard,Morgan Pratchett,Acropora cf. hyacinthus,600,
605,Jun-24,2024,Mermaid Mooring - Lizard,Morgan Pratchett,Acropora cf. hyacinthus,330,
606,Jun-24,2024,Mermaid Mooring - Lizard,Morgan Pratchett,Acropora cf. hyacinthus,230,
607,Jun-24,2024,Mermaid Mooring - Lizard,Morgan Pratchett,Acropora cf. hyacinthus,160,
608,Jun-24,2024,Mermaid Mooring - Lizard,Morgan Pratchett,Acropora cf. hyacinthus,350,
609,Jun-24,2024,Mermaid Mooring - Lizard,Morgan Pratchett,Acropora cf. hyacinthus,760,
610,Jun-24,2024,Mermaid Mooring - Lizard,Morgan Pratchett,Acropora cf. hyacinthus,600,
611,Jun-24,2024,Mermaid Mooring - Lizard,Morgan Pratchett,Acropora cf. hyacinthus,550,
612,Jun-24,2024,Mermaid Mooring - Lizard,Morgan Pratchett,Acropora cf. hyacinthus,520,
613,Jun-24,2024,Mermaid Mooring - Lizard,Morgan Pratchett,Acropora cf. hyacinthus,630,
614,Jun-24,2024,Mermaid Mooring - Lizard,Morgan Pratchett,Acropora cf. hyacinthus,740,
615,Jun-24,2024,Mermaid Mooring - Lizard,Morgan Pratchett,Acropora cf. hyacinthus,650,
616,Jun-24,2024,Mermaid Mooring - Lizard,Morgan Pratchett,Acropora cf. hyacinthus,780,
617,Jun-24,2024,Mermaid Mooring - Lizard,Morgan Pratchett,Acropora cf. hyacinthus,330,
618,Jun-24,2024,Mermaid Mooring - Lizard,Morgan Pratchett,Acropora cf. hyacinthus,480,
619,Jun-24,2024,Mermaid Mooring - Lizard,Morgan Pratchett,Acropora cf. hyacinthus,840,
620,Jun-24,2024,Mermaid Mooring - Lizard,Morgan Pratchett,Acropora cf. hyacinthus,540,
621,Jun-24,2024,Mermaid Mooring - Lizard,Morgan Pratchett,Acropora cf. hyacinthus,500,
622,Jun-24,2024,Mermaid Mooring - Lizard,Morgan Pratchett,Acropora cf. hyacinthus,460,
623,Jun-24,2024,Mermaid Mooring - Lizard,Morgan Pratchett,Acropora cf. hyacinthus,830,
624,Jun-24,2024,Mermaid Mooring - Lizard,Morgan Pratchett,Acropora cf. hyacinthus,630,
625,Jun-24,2024,Mermaid Mooring - Lizard,Morgan Pratchett,Acropora cf. hyacinthus,570,
626,Jun-24,2024,Mermaid Mooring - Lizard,Morgan Pratchett,Acropora cf. hyacinthus,250,
627,Jun-24,2024,Mermaid Mooring - Lizard,Morgan Pratchett,Acropora cf. hyacinthus,210,
628,Jun-24,2024,Mermaid Mooring - Lizard,Morgan Pratchett,Acropora cf. hyacinthus,650,
629,Jun-24,2024,Mermaid Mooring - Lizard,Morgan Pratchett,Acropora cf. hyacinthus,520,
630,Jun-24,2024,Mermaid Mooring - Lizard,Morgan Pratchett,Acropora cf. hyacinthus,450,
631,Jun-24,2024,Mermaid Mooring - Lizard,Morgan Pratchett,Acropora cf. hyacinthus,600,
632,Jun-24,2024,Mermaid Mooring - Lizard,Morgan Pratchett,Acropora cf. hyacinthus,520,
633,Jun-24,2024,Mermaid Mooring - Lizard,Morgan Pratchett,Acropora cf. hyacinthus,340,
634,Jun-24,2024,Mermaid Mooring - Lizard,Morgan Pratchett,Acropora cf. hyacinthus,550,
635,Jun-24,2024,Mermaid Mooring - Lizard,Morgan Pratchett,Acropora cf. hyacinthus,480,
636,Jun-24,2024,Mermaid Mooring - Lizard,Morgan Pratchett,Acropora cf. hyacinthus,370,
637,Jun-24,2024,Mermaid Mooring - Lizard,Morgan Pratchett,Acropora cf. hyacinthus,630,
638,Jun-24,2024,Mermaid Mooring - Lizard,Morgan Pratchett,Acropora cf. hyacinthus,520,
639,Jun-24,2024,Mermaid Mooring - Lizard,Morgan Pratchett,Acropora cf. hyacinthus,490,
640,Jun-24,2024,Mermaid Mooring - Lizard,Morgan Pratchett,Acropora cf. hyacinthus,1220,
641,Jun-24,2024,Mermaid Mooring - Lizard,Morgan Pratchett,Acropora cf. hyacinthus,300,
642,Jun-24,2024,Mermaid Mooring - Lizard,Morgan Pratchett,Acropora cf. hyacinthus,350,
643,Jun-24,2024,Mermaid Mooring - Lizard,Morgan Pratchett,Acropora cf. hyacinthus,690,
644,Jun-24,2024,Mermaid Mooring - Lizard,Morgan Pratchett,Acropora cf. hyacinthus,670,
645,Jun-24,2024,Mermaid Mooring - Lizard,Morgan Pratchett,Acropora cf. hyacinthus,720,
646,Jun-24,2024,Mermaid Mooring - Lizard,Morgan Pratchett,Acropora cf. hyacinthus,1110,
647,Jun-24,2024,Mermaid Mooring - Lizard,Morgan Pratchett,Acropora cf. nasuta,300,
648,Jun-24,2024,Mermaid Mooring - Lizard,Morgan Pratchett,Acropora cf. nasuta,360,
649,Jun-24,2024,Mermaid Mooring - Lizard,Morgan Pratchett,Acropora cf. nasuta,240,
650,Jun-24,2024,Mermaid Mooring - Lizard,Morgan Pratchett,Acropora cf. nasuta,370,
651,Jun-24,2024,Mermaid Mooring - Lizard,Morgan Pratchett,Acropora cf. nasuta,200,
652,Jun-24,2024,Mermaid Mooring - Lizard,Morgan Pratchett,Acropora cf. nasuta,400,
653,Jun-24,2024,Mermaid Mooring - Lizard,Morgan Pratchett,Acropora cf. nasuta,460,
654,Jun-24,2024,Mermaid Mooring - Lizard,Morgan Pratchett,Acropora cf. nasuta,330,
655,Jun-24,2024,Mermaid Mooring - Lizard,Morgan Pratchett,Acropora cf. nasuta,340,
656,Jun-24,2024,Mermaid Mooring - Lizard,Morgan Pratchett,Acropora cf. nasuta,320,
657,Jun-24,2024,Mermaid Mooring - Lizard,Morgan Pratchett,Acropora cf. nasuta,300,
658,Jun-24,2024,Mermaid Mooring - Lizard,Morgan Pratchett,Acropora cf. nasuta,410,
659,Jun-24,2024,Mermaid Mooring - Lizard,Morgan Pratchett,Acropora cf. nasuta,600,
660,Jun-24,2024,Mermaid Mooring - Lizard,Morgan Pratchett,Acropora cf. nasuta,320,
661,Jun-24,2024,Mermaid Mooring - Lizard,Morgan Pratchett,Acropora cf. nasuta,250,
662,Jun-24,2024,Mermaid Mooring - Lizard,Morgan Pratchett,Acropora cf. nasuta,360,
663,Jun-24,2024,Mermaid Mooring - Lizard,Morgan Pratchett,Acropora cf. nasuta,210,
664,Jun-24,2024,Mermaid Mooring - Lizard,Morgan Pratchett,Acropora cf. nasuta,280,
665,Jun-24,2024,Mermaid Mooring - Lizard,Morgan Pratchett,Acropora cf. nasuta,310,
666,Jun-24,2024,Mermaid Mooring - Lizard,Morgan Pratchett,Acropora cf. nasuta,300,
667,Jun-24,2024,Mermaid Mooring - Lizard,Morgan Pratchett,Acropora cf. nasuta,230,
668,Jun-24,2024,Mermaid Mooring - Lizard,Morgan Pratchett,Acropora cf. nasuta,480,
669,Jun-24,2024,Mermaid Mooring - Lizard,Morgan Pratchett,Acropora cf. nasuta,420,
670,Jun-24,2024,Mermaid Mooring - Lizard,Morgan Pratchett,Acropora cf. nasuta,280,
671,Jun-24,2024,Mermaid Mooring - Lizard,Morgan Pratchett,Acropora cf. nasuta,220,
672,Jun-24,2024,Mermaid Mooring - Lizard,Morgan Pratchett,Acropora cf. nasuta,190,
673,Jun-24,2024,Mermaid Mooring - Lizard,Morgan Pratchett,Pocillopora cf. meandrina,250,
674,Jun-24,2024,Mermaid Mooring - Lizard,Morgan Pratchett,Pocillopora cf. meandrina,140,
675,Jun-24,2024,Mermaid Mooring - Lizard,Morgan Pratchett,Pocillopora cf. meandrina,170,
676,Jun-24,2024,Mermaid Mooring - Lizard,Morgan Pratchett,Pocillopora cf. meandrina,330,
677,Jun-24,2024,Mermaid Mooring - Lizard,Morgan Pratchett,Pocillopora cf. meandrina,410,
678,Jun-24,2024,Mermaid Mooring - Lizard,Morgan Pratchett,Pocillopora cf. meandrina,220,
679,Jun-24,2024,Mermaid Mooring - Lizard,Morgan Pratchett,Pocillopora cf. meandrina,250,
680,Jun-24,2024,Mermaid Mooring - Lizard,Morgan Pratchett,Pocillopora cf. meandrina,160,
681,Jun-24,2024,Mermaid Mooring - Lizard,Morgan Pratchett,Pocillopora cf. meandrina,380,
682,Jun-24,2024,Mermaid Mooring - Lizard,Morgan Pratchett,Pocillopora cf. meandrina,180,
683,Jun-24,2024,Mermaid Mooring - Lizard,Morgan Pratchett,Pocillopora cf. meandrina,110,
684,Jun-24,2024,Mermaid Mooring - Lizard,Morgan Pratchett,Pocillopora cf. meandrina,160,
685,Jun-24,2024,Mermaid Mooring - Lizard,Morgan Pratchett,Pocillopora cf. meandrina,270,
686,Jun-24,2024,Mermaid Mooring - Lizard,Morgan Pratchett,Pocillopora cf. meandrina,100,
687,Jun-24,2024,Mermaid Mooring - Lizard,Morgan Pratchett,Pocillopora cf. meandrina,180,
688,Jun-24,2024,Mermaid Mooring - Lizard,Morgan Pratchett,Pocillopora cf. meandrina,190,
689,Jun-24,2024,Mermaid Mooring - Lizard,Morgan Pratchett,Pocillopora cf. meandrina,120,
690,Jun-24,2024,Mermaid Mooring - Lizard,Morgan Pratchett,Pocillopora cf. meandrina,260,
691,Jun-24,2024,Mermaid Mooring - Lizard,Morgan Pratchett,Pocillopora cf. meandrina,60,
692,Jun-24,2024,Mermaid Mooring - Lizard,Morgan Pratchett,Pocillopora cf. meandrina,120,
693,Jun-24,2024,Mermaid Mooring - Lizard,Morgan Pratchett,Pocillopora cf. meandrina,280,
694,Jun-24,2024,Mermaid Mooring - Lizard,Morgan Pratchett,Pocillopora cf. meandrina,200,
695,Jun-24,2024,Mermaid Mooring - Lizard,Morgan Pratchett,Pocillopora cf. meandrina,540,
696,Jun-24,2024,Mermaid Mooring - Lizard,Morgan Pratchett,Pocillopora cf. meandrina,60,
697,Jun-24,2024,Mermaid Mooring - Lizard,Morgan Pratchett,Pocillopora cf. meandrina,160,
698,Jun-24,2024,Mermaid Mooring - Lizard,Morgan Pratchett,Pocillopora cf. meandrina,240,
699,Jun-24,2024,Mermaid Mooring - Lizard,Morgan Pratchett,Pocillopora cf. meandrina,200,
700,Jun-24,2024,Mermaid Mooring - Lizard,Morgan Pratchett,Pocillopora cf. meandrina,160,
701,Jun-24,2024,Mermaid Mooring - Lizard,Morgan Pratchett,Pocillopora cf. meandrina,120,
702,Jun-24,2024,Mermaid Mooring - Lizard,Morgan Pratchett,Pocillopora cf. meandrina,300,
703,Jun-24,2024,Mermaid Mooring - Lizard,Morgan Pratchett,Pocillopora cf. meandrina,420,
704,Jun-24,2024,Mermaid Mooring - Lizard,Morgan Pratchett,Pocillopora cf. meandrina,240,
705,Jun-24,2024,Mermaid Mooring - Lizard,Morgan Pratchett,Pocillopora cf. meandrina,150,
706,Jun-24,2024,Mermaid Mooring - Lizard,Morgan Pratchett,Pocillopora cf. meandrina,200,
707,Jun-24,2024,Mermaid Mooring - Lizard,Morgan Pratchett,Pocillopora cf. meandrina,200,
708,Jun-24,2024,Mermaid Mooring - Lizard,Morgan Pratchett,Pocillopora cf. meandrina,240,
709,Jun-24,2024,Mermaid Mooring - Lizard,Morgan Pratchett,Pocillopora cf. meandrina,210,
710,Jun-24,2024,Mermaid Mooring - Lizard,Morgan Pratchett,Pocillopora cf. meandrina,200,
711,Jun-24,2024,Mermaid Mooring - Lizard,Morgan Pratchett,Pocillopora cf. meandrina,80,
712,Jun-24,2024,Mermaid Mooring - Lizard,Morgan Pratchett,Pocillopora cf. meandrina,100,
713,Jun-24,2024,Mermaid Mooring - Lizard,Morgan Pratchett,Pocillopora cf. meandrina,230,
714,Jun-24,2024,Mermaid Mooring - Lizard,Morgan Pratchett,Pocillopora cf. meandrina,420,
715,Jun-24,2024,Mermaid Mooring - Lizard,Morgan Pratchett,Pocillopora cf. meandrina,140,
716,Jun-24,2024,Mermaid Mooring - Lizard,Morgan Pratchett,Pocillopora cf. meandrina,270,
717,Jun-24,2024,Mermaid Mooring - Lizard,Morgan Pratchett,Pocillopora cf. meandrina,260,
718,Jun-24,2024,Mermaid Mooring - Lizard,Morgan Pratchett,Pocillopora cf. meandrina,160,
719,Jun-24,2024,Mermaid Mooring - Lizard,Morgan Pratchett,Pocillopora cf. meandrina,200,
720,Jun-24,2024,Mermaid Mooring - Lizard,Morgan Pratchett,Pocillopora cf. meandrina,200,
721,Jun-24,2024,Mermaid Mooring - Lizard,Morgan Pratchett,Pocillopora cf. meandrina,150,
722,Jun-24,2024,Mermaid Mooring - Lizard,Morgan Pratchett,Pocillopora cf. meandrina,140,
723,Jun-24,2024,Mermaid Mooring - Lizard,Morgan Pratchett,Pocillopora cf. meandrina,90,
724,Jun-24,2024,Mermaid Mooring - Lizard,Morgan Pratchett,Pocillopora cf. meandrina,180,
725,Jun-24,2024,Mermaid Mooring - Lizard,Morgan Pratchett,Pocillopora cf. meandrina,180,
726,Jun-24,2024,Mermaid Mooring - Lizard,Morgan Pratchett,Pocillopora cf. meandrina,300,
727,Jun-24,2024,Mermaid Mooring - Lizard,Morgan Pratchett,Pocillopora cf. meandrina,240,
728,Jun-24,2024,Mermaid Mooring - Lizard,Morgan Pratchett,Pocillopora cf. meandrina,220,
729,Jun-24,2024,Mermaid Mooring - Lizard,Morgan Pratchett,Pocillopora cf. meandrina,200,
730,Jun-24,2024,Mermaid Mooring - Lizard,Morgan Pratchett,Pocillopora cf. meandrina,150,
731,Jun-24,2024,Mermaid Mooring - Lizard,Morgan Pratchett,Pocillopora cf. meandrina,450,
732,Jun-24,2024,Mermaid Mooring - Lizard,Morgan Pratchett,Pocillopora cf. meandrina,300,
733,Jun-24,2024,Mermaid Mooring - Lizard,Morgan Pratchett,Pocillopora cf. meandrina,170,
734,Jun-24,2024,Mermaid Mooring - Lizard,Morgan Pratchett,Pocillopora cf. meandrina,100,
735,Jun-24,2024,Mermaid Mooring - Lizard,Morgan Pratchett,Pocillopora cf. meandrina,110,
736,Jun-24,2024,Mermaid Mooring - Lizard,Morgan Pratchett,Pocillopora cf. meandrina,120,
737,Jun-24,2024,Mermaid Mooring - Lizard,Morgan Pratchett,Pocillopora cf. meandrina,620,
738,Jun-24,2024,Mermaid Mooring - Lizard,Morgan Pratchett,Pocillopora cf. meandrina,120,
739,Jun-24,2024,Mermaid Mooring - Lizard,Morgan Pratchett,Pocillopora cf. meandrina,170,
740,Jun-24,2024,Mermaid Mooring - Lizard,Morgan Pratchett,Pocillopora cf. meandrina,140,
741,Jun-24,2024,Mermaid Mooring - Lizard,Morgan Pratchett,Pocillopora cf. meandrina,330,
742,Jun-24,2024,Mermaid Mooring - Lizard,Morgan Pratchett,Pocillopora cf. meandrina,360,
743,Jun-24,2024,Mermaid Mooring - Lizard,Morgan Pratchett,Pocillopora cf. meandrina,330,
744,Jun-24,2024,Mermaid Mooring - Lizard,Morgan Pratchett,Pocillopora cf. meandrina,420,
745,Jun-24,2024,Mermaid Mooring - Lizard,Morgan Pratchett,Pocillopora cf. meandrina,430,
746,Jun-24,2024,Mermaid Mooring - Lizard,Morgan Pratchett,Pocillopora cf. meandrina,70,
747,Jun-24,2024,Mermaid Mooring - Lizard,Morgan Pratchett,Pocillopora cf. meandrina,530,
748,Jun-24,2024,Mermaid Mooring - Lizard,Morgan Pratchett,Pocillopora cf. meandrina,60,
749,Jun-24,2024,Mermaid Mooring - Lizard,Morgan Pratchett,Pocillopora cf. meandrina,160,
750,Jun-24,2024,Mermaid Mooring - Lizard,Morgan Pratchett,Pocillopora cf. meandrina,210,
751,Jun-24,2024,Mermaid Mooring - Lizard,Morgan Pratchett,Pocillopora cf. meandrina,270,
752,Jun-24,2024,Mermaid Mooring - Lizard,Morgan Pratchett,Pocillopora cf. meandrina,160,
753,Jun-24,2024,Mermaid Mooring - Lizard,Morgan Pratchett,Pocillopora cf. meandrina,350,
754,Jun-24,2024,Mermaid Mooring - Lizard,Morgan Pratchett,Pocillopora cf. meandrina,560,
755,Jun-24,2024,Mermaid Mooring - Lizard,Hannah-Marie and Katrina,Acropora cf. hyacinthus,430,
756,Jun-24,2024,Mermaid Mooring - Lizard,Hannah-Marie and Katrina,Acropora cf. hyacinthus,710,
757,Jun-24,2024,Mermaid Mooring - Lizard,Hannah-Marie and Katrina,Acropora cf. hyacinthus,390,
758,Jun-24,2024,Mermaid Mooring - Lizard,Hannah-Marie and Katrina,Acropora cf. hyacinthus,630,
759,Jun-24,2024,Mermaid Mooring - Lizard,Hannah-Marie and Katrina,Acropora cf. hyacinthus,940,A
760,Jun-24,2024,Mermaid Mooring - Lizard,Hannah-Marie and Katrina,Acropora cf. hyacinthus,550,
761,Jun-24,2024,Mermaid Mooring - Lizard,Hannah-Marie and Katrina,Acropora cf. hyacinthus,680,
762,Jun-24,2024,Mermaid Mooring - Lizard,Hannah-Marie and Katrina,Acropora cf. hyacinthus,320,
763,Jun-24,2024,Mermaid Mooring - Lizard,Hannah-Marie and Katrina,Acropora cf. hyacinthus,630,D
764,Jun-24,2024,Mermaid Mooring - Lizard,Hannah-Marie and Katrina,Acropora cf. hyacinthus,270,
765,Jun-24,2024,Mermaid Mooring - Lizard,Hannah-Marie and Katrina,Acropora cf. hyacinthus,490,A
766,Jun-24,2024,Mermaid Mooring - Lizard,Hannah-Marie and Katrina,Acropora cf. hyacinthus,550,
767,Jun-24,2024,Mermaid Mooring - Lizard,Hannah-Marie and Katrina,Acropora cf. hyacinthus,400,
768,Jun-24,2024,Mermaid Mooring - Lizard,Hannah-Marie and Katrina,Acropora cf. hyacinthus,720,
769,Jun-24,2024,Mermaid Mooring - Lizard,Hannah-Marie and Katrina,Acropora cf. hyacinthus,650,
770,Jun-24,2024,Mermaid Mooring - Lizard,Hannah-Marie and Katrina,Acropora cf. hyacinthus,770,A
771,Jun-24,2024,Mermaid Mooring - Lizard,Hannah-Marie and Katrina,Acropora cf. hyacinthus,750,D
772,Jun-24,2024,Mermaid Mooring - Lizard,Hannah-Marie and Katrina,Acropora cf. hyacinthus,640,
773,Jun-24,2024,Mermaid Mooring - Lizard,Hannah-Marie and Katrina,Acropora cf. hyacinthus,450,A
774,Jun-24,2024,Mermaid Mooring - Lizard,Hannah-Marie and Katrina,Acropora cf. hyacinthus,850,A
775,Jun-24,2024,Mermaid Mooring - Lizard,Hannah-Marie and Katrina,Acropora cf. hyacinthus,1140,
776,Jun-24,2024,Mermaid Mooring - Lizard,Hannah-Marie and Katrina,Acropora cf. hyacinthus,680,
777,Jun-24,2024,Mermaid Mooring - Lizard,Hannah-Marie and Katrina,Acropora cf. hyacinthus,420,
778,Jun-24,2024,Mermaid Mooring - Lizard,Hannah-Marie and Katrina,Acropora cf. hyacinthus,560,A
779,Jun-24,2024,Mermaid Mooring - Lizard,Hannah-Marie and Katrina,Acropora cf. hyacinthus,1150,
780,Jun-24,2024,Mermaid Mooring - Lizard,Hannah-Marie and Katrina,Acropora cf. hyacinthus,910,
781,Jun-24,2024,Mermaid Mooring - Lizard,Hannah-Marie and Katrina,Acropora cf. hyacinthus,610,
782,Jun-24,2024,Mermaid Mooring - Lizard,Hannah-Marie and Katrina,Acropora cf. hyacinthus,1080,
783,Jun-24,2024,Mermaid Mooring - Lizard,Hannah-Marie and Katrina,Acropora cf. hyacinthus,690,
784,Jun-24,2024,Mermaid Mooring - Lizard,Hannah-Marie and Katrina,Acropora cf. hyacinthus,520,
785,Jun-24,2024,Mermaid Mooring - Lizard,Hannah-Marie and Katrina,Acropora cf. hyacinthus,630,
786,Jun-24,2024,Mermaid Mooring - Lizard,Hannah-Marie and Katrina,Acropora cf. hyacinthus,610,
787,Jun-24,2024,Mermaid Mooring - Lizard,Hannah-Marie and Katrina,Acropora cf. hyacinthus,840,E
788,Jun-24,2024,Mermaid Mooring - Lizard,Hannah-Marie and Katrina,Acropora cf. hyacinthus,840,
789,Jun-24,2024,Mermaid Mooring - Lizard,Hannah-Marie and Katrina,Acropora cf. hyacinthus,700,
790,Jun-24,2024,Mermaid Mooring - Lizard,Hannah-Marie and Katrina,Acropora cf. hyacinthus,1000,
791,Jun-24,2024,Mermaid Mooring - Lizard,Hannah-Marie and Katrina,Acropora cf. hyacinthus,690,
792,Jun-24,2024,Mermaid Mooring - Lizard,Hannah-Marie and Katrina,Acropora cf. hyacinthus,240,
793,Jun-24,2024,Mermaid Mooring - Lizard,Hannah-Marie and Katrina,Acropora cf. hyacinthus,300,
794,Jun-24,2024,Mermaid Mooring - Lizard,Hannah-Marie and Katrina,Acropora cf. hyacinthus,330,
795,Jun-24,2024,Mermaid Mooring - Lizard,Hannah-Marie and Katrina,Acropora cf. hyacinthus,780,A
796,Jun-24,2024,Mermaid Mooring - Lizard,Hannah-Marie and Katrina,Acropora cf. hyacinthus,560,
797,Jun-24,2024,Mermaid Mooring - Lizard,Hannah-Marie and Katrina,Acropora cf. hyacinthus,560,
798,Jun-24,2024,Mermaid Mooring - Lizard,Hannah-Marie and Katrina,Acropora cf. nasuta,190,
799,Jun-24,2024,Mermaid Mooring - Lizard,Hannah-Marie and Katrina,Acropora cf. nasuta,290,
800,Jun-24,2024,Mermaid Mooring - Lizard,Hannah-Marie and Katrina,Acropora cf. nasuta,330,
801,Jun-24,2024,Mermaid Mooring - Lizard,Hannah-Marie and Katrina,Acropora cf. nasuta,200,
802,Jun-24,2024,Mermaid Mooring - Lizard,Hannah-Marie and Katrina,Acropora cf. nasuta,380,E
803,Jun-24,2024,Mermaid Mooring - Lizard,Hannah-Marie and Katrina,Acropora cf. nasuta,380,D
804,Jun-24,2024,Mermaid Mooring - Lizard,Hannah-Marie and Katrina,Acropora cf. nasuta,360,
805,Jun-24,2024,Mermaid Mooring - Lizard,Hannah-Marie and Katrina,Acropora cf. nasuta,360,
806,Jun-24,2024,Mermaid Mooring - Lizard,Hannah-Marie and Katrina,Acropora cf. nasuta,450,
807,Jun-24,2024,Mermaid Mooring - Lizard,Hannah-Marie and Katrina,Acropora cf. nasuta,370,
808,Jun-24,2024,Mermaid Mooring - Lizard,Hannah-Marie and Katrina,Acropora cf. nasuta,320,
809,Jun-24,2024,Mermaid Mooring - Lizard,Hannah-Marie and Katrina,Acropora cf. nasuta,220,
810,Jun-24,2024,Mermaid Mooring - Lizard,Hannah-Marie and Katrina,Acropora cf. nasuta,340,
811,Jun-24,2024,Mermaid Mooring - Lizard,Hannah-Marie and Katrina,Acropora cf. nasuta,470,
812,Jun-24,2024,Mermaid Mooring - Lizard,Hannah-Marie and Katrina,Acropora cf. nasuta,440,
813,Jun-24,2024,Mermaid Mooring - Lizard,Hannah-Marie and Katrina,Acropora cf. nasuta,400,
814,Jun-24,2024,Mermaid Mooring - Lizard,Hannah-Marie and Katrina,Acropora cf. nasuta,440,
815,Jun-24,2024,Mermaid Mooring - Lizard,Hannah-Marie and Katrina,Acropora cf. nasuta,590,D
816,Jun-24,2024,Mermaid Mooring - Lizard,Hannah-Marie and Katrina,Acropora cf. nasuta,520,D
817,Jun-24,2024,Mermaid Mooring - Lizard,Hannah-Marie and Katrina,Acropora cf. nasuta,290,
818,Jun-24,2024,Mermaid Mooring - Lizard,Hannah-Marie and Katrina,Acropora cf. nasuta,410,
819,Jun-24,2024,Mermaid Mooring - Lizard,Hannah-Marie and Katrina,Acropora cf. nasuta,460,
820,Jun-24,2024,Mermaid Mooring - Lizard,Hannah-Marie and Katrina,Acropora cf. nasuta,400,
821,Jun-24,2024,Mermaid Mooring - Lizard,Hannah-Marie and Katrina,Acropora cf. nasuta,500,
822,Jun-24,2024,Mermaid Mooring - Lizard,Hannah-Marie and Katrina,Acropora cf. nasuta,450,
823,Jun-24,2024,Mermaid Mooring - Lizard,Hannah-Marie and Katrina,Acropora cf. nasuta,410,
824,Jun-24,2024,Mermaid Mooring - Lizard,Hannah-Marie and Katrina,Acropora cf. nasuta,580,E
825,Jun-24,2024,Mermaid Mooring - Lizard,Hannah-Marie and Katrina,Acropora cf. nasuta,420,
826,Jun-24,2024,Mermaid Mooring - Lizard,Hannah-Marie and Katrina,Acropora cf. nasuta,440,
827,Jun-24,2024,Mermaid Mooring - Lizard,Hannah-Marie and Katrina,Acropora cf. nasuta,520,
828,Jun-24,2024,Mermaid Mooring - Lizard,Hannah-Marie and Katrina,Acropora cf. nasuta,520,
829,Jun-24,2024,Mermaid Mooring - Lizard,Hannah-Marie and Katrina,Acropora cf. nasuta,400,
830,Jun-24,2024,Mermaid Mooring - Lizard,Hannah-Marie and Katrina,Acropora cf. nasuta,490,
831,Jun-24,2024,Mermaid Mooring - Lizard,Hannah-Marie and Katrina,Acropora cf. nasuta,400,
832,Jun-24,2024,Mermaid Mooring - Lizard,Hannah-Marie and Katrina,Acropora cf. nasuta,510,
833,Jun-24,2024,Mermaid Mooring - Lizard,Hannah-Marie and Katrina,Acropora cf. nasuta,380,
834,Jun-24,2024,Mermaid Mooring - Lizard,Hannah-Marie and Katrina,Acropora cf. nasuta,320,
835,Jun-24,2024,Mermaid Mooring - Lizard,Hannah-Marie and Katrina,Acropora cf. nasuta,360,
836,Jun-24,2024,Mermaid Mooring - Lizard,Hannah-Marie and Katrina,Acropora cf. nasuta,290,
837,Jun-24,2024,Mermaid Mooring - Lizard,Hannah-Marie and Katrina,Acropora cf. nasuta,280,
838,Jun-24,2024,Mermaid Mooring - Lizard,Hannah-Marie and Katrina,Acropora cf. nasuta,410,
839,Jun-24,2024,Mermaid Mooring - Lizard,Hannah-Marie and Katrina,Acropora cf. nasuta,340,
840,Jun-24,2024,Mermaid Mooring - Lizard,Hannah-Marie and Katrina,Acropora cf. nasuta,500,
841,Jun-24,2024,Mermaid Mooring - Lizard,Hannah-Marie and Katrina,Acropora cf. nasuta,280,
842,Jun-24,2024,Mermaid Mooring - Lizard,Hannah-Marie and Katrina,Acropora cf. nasuta,300,
843,Jun-24,2024,Mermaid Mooring - Lizard,Hannah-Marie and Katrina,Acropora cf. nasuta,510,
844,Jun-24,2024,Mermaid Mooring - Lizard,Hannah-Marie and Katrina,Acropora cf. nasuta,380,
845,Jun-24,2024,Mermaid Mooring - Lizard,Hannah-Marie and Katrina,Acropora cf. nasuta,320,
846,Jun-24,2024,Mermaid Mooring - Lizard,Hannah-Marie and Katrina,Acropora cf. nasuta,410,
847,Jun-24,2024,Mermaid Mooring - Lizard,Hannah-Marie and Katrina,Acropora cf. nasuta,600,
848,Jun-24,2024,Mermaid Mooring - Lizard,Hannah-Marie and Katrina,Acropora cf. nasuta,420,
849,Jun-24,2024,Mermaid Mooring - Lizard,Hannah-Marie and Katrina,Acropora cf. nasuta,490,
850,Jun-24,2024,Mermaid Mooring - Lizard,Hannah-Marie and Katrina,Acropora cf. nasuta,460,
851,Jun-24,2024,Mermaid Mooring - Lizard,Hannah-Marie and Katrina,Acropora cf. nasuta,550,
852,Jun-24,2024,Mermaid Mooring - Lizard,Hannah-Marie and Katrina,Acropora cf. nasuta,510,
853,Jun-24,2024,Mermaid Mooring - Lizard,Hannah-Marie and Katrina,Acropora cf. nasuta,300,
854,Jun-24,2024,Mermaid Mooring - Lizard,Hannah-Marie and Katrina,Acropora cf. nasuta,320,
855,Jun-24,2024,Mermaid Mooring - Lizard,Hannah-Marie and Katrina,Acropora cf. nasuta,470,
856,Jun-24,2024,Mermaid Mooring - Lizard,Hannah-Marie and Katrina,Acropora cf. nasuta,430,
857,Jun-24,2024,Mermaid Mooring - Lizard,Hannah-Marie and Katrina,Acropora cf. nasuta,410,
858,Jun-24,2024,Mermaid Mooring - Lizard,Hannah-Marie and Katrina,Acropora cf. nasuta,420,
859,Jun-24,2024,Mermaid Mooring - Lizard,Hannah-Marie and Katrina,Acropora cf. nasuta,280,
860,Jun-24,2024,Mermaid Mooring - Lizard,Hannah-Marie and Katrina,Acropora cf. nasuta,380,
861,Jun-24,2024,Mermaid Mooring - Lizard,Hannah-Marie and Katrina,Acropora cf. nasuta,430,
862,Jun-24,2024,Mermaid Mooring - Lizard,Hannah-Marie and Katrina,Acropora cf. nasuta,380,
863,Jun-24,2024,Mermaid Mooring - Lizard,Hannah-Marie and Katrina,Acropora cf. nasuta,520,
864,Jun-24,2024,Mermaid Mooring - Lizard,Hannah-Marie and Katrina,Acropora cf. nasuta,380,
865,Jun-24,2024,Mermaid Mooring - Lizard,Hannah-Marie and Katrina,Acropora cf. nasuta,430,
866,Jun-24,2024,Mermaid Mooring - Lizard,Hannah-Marie and Katrina,Acropora cf. nasuta,320,
867,Jun-24,2024,Mermaid Mooring - Lizard,Hannah-Marie and Katrina,Acropora cf. nasuta,410,
868,Jun-24,2024,Mermaid Mooring - Lizard,Hannah-Marie and Katrina,Acropora cf. nasuta,270,
869,Jun-24,2024,Mermaid Mooring - Lizard,Hannah-Marie and Katrina,Acropora cf. nasuta,360,
870,Jun-24,2024,Mermaid Mooring - Lizard,Hannah-Marie and Katrina,Acropora cf. nasuta,460,E
871,Jun-24,2024,Mermaid Mooring - Lizard,Hannah-Marie and Katrina,Acropora cf. nasuta,350,
872,Jun-24,2024,Mermaid Mooring - Lizard,Hannah-Marie and Katrina,Pocillopora cf. meandrina,230,B
873,Jun-24,2024,Mermaid Mooring - Lizard,Hannah-Marie and Katrina,Pocillopora cf. meandrina,440,D
874,Jun-24,2024,Mermaid Mooring - Lizard,Hannah-Marie and Katrina,Pocillopora cf. meandrina,450,
875,Jun-24,2024,Mermaid Mooring - Lizard,Hannah-Marie and Katrina,Pocillopora cf. meandrina,340,P
876,Jun-24,2024,Mermaid Mooring - Lizard,Hannah-Marie and Katrina,Pocillopora cf. meandrina,380,P
877,Jun-24,2024,Mermaid Mooring - Lizard,Hannah-Marie and Katrina,Pocillopora cf. meandrina,470,P
878,Jun-24,2024,Mermaid Mooring - Lizard,Hannah-Marie and Katrina,Pocillopora cf. meandrina,600,
879,Jun-24,2024,Mermaid Mooring - Lizard,Hannah-Marie and Katrina,Pocillopora cf. meandrina,130,
880,Jun-24,2024,Mermaid Mooring - Lizard,Hannah-Marie and Katrina,Pocillopora cf. meandrina,460,
881,Jun-24,2024,Mermaid Mooring - Lizard,Hannah-Marie and Katrina,Pocillopora cf. meandrina,470,
882,Jun-24,2024,Mermaid Mooring - Lizard,Hannah-Marie and Katrina,Pocillopora cf. meandrina,330,
883,Jun-24,2024,Mermaid Mooring - Lizard,Hannah-Marie and Katrina,Pocillopora cf. meandrina,430,
884,Jun-24,2024,Mermaid Mooring - Lizard,Hannah-Marie and Katrina,Pocillopora cf. meandrina,540,P
885,Jun-24,2024,Mermaid Mooring - Lizard,Hannah-Marie and Katrina,Pocillopora cf. meandrina,340,
886,Jun-24,2024,Mermaid Mooring - Lizard,Hannah-Marie and Katrina,Pocillopora cf. meandrina,240,
887,Jun-24,2024,Mermaid Mooring - Lizard,Hannah-Marie and Katrina,Pocillopora cf. meandrina,130,
888,Jun-24,2024,Mermaid Mooring - Lizard,Hannah-Marie and Katrina,Pocillopora cf. meandrina,250,
889,Jun-24,2024,Mermaid Mooring - Lizard,Hannah-Marie and Katrina,Pocillopora cf. meandrina,210,